Features: 16,,,,,,
Target Class: blackscholes,TP,FP,FN,TN,ACC (%),
"Nu: 0.05, Gamma: 0.05",95204,63,0,0,99.93387007043363,
"Nu: 0.05, Gamma: 0.0625",95204,63,0,0,99.93387007043363,
"Nu: 0.05, Gamma: 0.1",95204,63,0,0,99.93387007043363,
"Nu: 0.05, Gamma: 0.2",95204,63,0,0,99.93387007043363,
"Nu: 0.05, Gamma: 0.5",95204,63,0,0,99.93387007043363,
"Nu: 0.05, Gamma: 0.7",95204,63,0,0,99.93387007043363,
"Nu: 0.05, Gamma: 0.9",95204,63,0,0,99.93387007043363,
"Nu: 0.05, Gamma: 0.99",95204,63,0,0,99.93387007043363,
"Nu: 0.0625, Gamma: 0.05",95204,63,0,0,99.93387007043363,
"Nu: 0.0625, Gamma: 0.0625",95204,63,0,0,99.93387007043363,
"Nu: 0.0625, Gamma: 0.1",95204,63,0,0,99.93387007043363,
"Nu: 0.0625, Gamma: 0.2",95204,63,0,0,99.93387007043363,
"Nu: 0.0625, Gamma: 0.5",95204,63,0,0,99.93387007043363,
"Nu: 0.0625, Gamma: 0.7",95204,63,0,0,99.93387007043363,
"Nu: 0.0625, Gamma: 0.9",95204,63,0,0,99.93387007043363,
"Nu: 0.0625, Gamma: 0.99",95204,63,0,0,99.93387007043363,
"Nu: 0.1, Gamma: 0.05",95204,63,0,0,99.93387007043363,
"Nu: 0.1, Gamma: 0.0625",95204,63,0,0,99.93387007043363,
"Nu: 0.1, Gamma: 0.1",95204,63,0,0,99.93387007043363,
"Nu: 0.1, Gamma: 0.2",95204,63,0,0,99.93387007043363,
"Nu: 0.1, Gamma: 0.5",95204,63,0,0,99.93387007043363,
"Nu: 0.1, Gamma: 0.7",95204,63,0,0,99.93387007043363,
"Nu: 0.1, Gamma: 0.9",95204,63,0,0,99.93387007043363,
"Nu: 0.1, Gamma: 0.99",95204,63,0,0,99.93387007043363,
"Nu: 0.2, Gamma: 0.05",95204,63,0,0,99.93387007043363,
"Nu: 0.2, Gamma: 0.0625",95204,63,0,0,99.93387007043363,
"Nu: 0.2, Gamma: 0.1",95204,63,0,0,99.93387007043363,
"Nu: 0.2, Gamma: 0.2",95204,63,0,0,99.93387007043363,
"Nu: 0.2, Gamma: 0.5",95204,63,0,0,99.93387007043363,
"Nu: 0.2, Gamma: 0.7",95204,63,0,0,99.93387007043363,
"Nu: 0.2, Gamma: 0.9",95204,63,0,0,99.93387007043363,
"Nu: 0.2, Gamma: 0.99",95204,63,0,0,99.93387007043363,
"Nu: 0.5, Gamma: 0.05",95204,63,0,0,99.93387007043363,
"Nu: 0.5, Gamma: 0.0625",95204,63,0,0,99.93387007043363,
"Nu: 0.5, Gamma: 0.1",95204,63,0,0,99.93387007043363,
"Nu: 0.5, Gamma: 0.2",95204,63,0,0,99.93387007043363,
"Nu: 0.5, Gamma: 0.5",95204,63,0,0,99.93387007043363,
"Nu: 0.5, Gamma: 0.7",95204,63,0,0,99.93387007043363,
"Nu: 0.5, Gamma: 0.9",95204,63,0,0,99.93387007043363,
"Nu: 0.5, Gamma: 0.99",95204,63,0,0,99.93387007043363,
"Nu: 0.7, Gamma: 0.05",95204,63,0,0,99.93387007043363,
"Nu: 0.7, Gamma: 0.0625",95204,63,0,0,99.93387007043363,
"Nu: 0.7, Gamma: 0.1",95204,63,0,0,99.93387007043363,
"Nu: 0.7, Gamma: 0.2",95204,63,0,0,99.93387007043363,
"Nu: 0.7, Gamma: 0.5",95204,63,0,0,99.93387007043363,
"Nu: 0.7, Gamma: 0.7",95204,63,0,0,99.93387007043363,
"Nu: 0.7, Gamma: 0.9",95204,63,0,0,99.93387007043363,
"Nu: 0.7, Gamma: 0.99",95204,63,0,0,99.93387007043363,
"Nu: 0.9, Gamma: 0.05",95204,63,0,0,99.93387007043363,
"Nu: 0.9, Gamma: 0.0625",95204,63,0,0,99.93387007043363,
"Nu: 0.9, Gamma: 0.1",95204,63,0,0,99.93387007043363,
"Nu: 0.9, Gamma: 0.2",95204,63,0,0,99.93387007043363,
"Nu: 0.9, Gamma: 0.5",95204,63,0,0,99.93387007043363,
"Nu: 0.9, Gamma: 0.7",95204,63,0,0,99.93387007043363,
"Nu: 0.9, Gamma: 0.9",95204,63,0,0,99.93387007043363,
"Nu: 0.9, Gamma: 0.99",95204,63,0,0,99.93387007043363,
"Nu: 0.99, Gamma: 0.05",95204,63,0,0,99.93387007043363,
"Nu: 0.99, Gamma: 0.0625",95204,63,0,0,99.93387007043363,
"Nu: 0.99, Gamma: 0.1",95204,63,0,0,99.93387007043363,
"Nu: 0.99, Gamma: 0.2",95204,63,0,0,99.93387007043363,
"Nu: 0.99, Gamma: 0.5",95204,63,0,0,99.93387007043363,
"Nu: 0.99, Gamma: 0.7",95204,63,0,0,99.93387007043363,
"Nu: 0.99, Gamma: 0.9",95204,63,0,0,99.93387007043363,
"Nu: 0.99, Gamma: 0.99",95204,63,0,0,99.93387007043363,
,,,,,,
Target Class: bodytrack,TP,FP,FN,TN,ACC (%),
"Nu: 0.05, Gamma: 0.05",95125,71,0,0,99.92541703432917,
"Nu: 0.05, Gamma: 0.0625",95125,71,0,0,99.92541703432917,
"Nu: 0.05, Gamma: 0.1",95125,71,0,0,99.92541703432917,
"Nu: 0.05, Gamma: 0.2",94893,68,232,3,99.68486070843313,
"Nu: 0.05, Gamma: 0.5",94893,68,232,3,99.68486070843313,
"Nu: 0.05, Gamma: 0.7",94893,68,232,3,99.68486070843313,
"Nu: 0.05, Gamma: 0.9",94893,68,232,3,99.68486070843313,
"Nu: 0.05, Gamma: 0.99",94893,68,232,3,99.68486070843313,
"Nu: 0.0625, Gamma: 0.05",94893,68,232,3,99.68486070843313,
"Nu: 0.0625, Gamma: 0.0625",95125,71,0,0,99.92541703432917,
"Nu: 0.0625, Gamma: 0.1",95125,71,0,0,99.92541703432917,
"Nu: 0.0625, Gamma: 0.2",94893,68,232,3,99.68486070843313,
"Nu: 0.0625, Gamma: 0.5",94893,68,232,3,99.68486070843313,
"Nu: 0.0625, Gamma: 0.7",94893,68,232,3,99.68486070843313,
"Nu: 0.0625, Gamma: 0.9",94893,68,232,3,99.68486070843313,
"Nu: 0.0625, Gamma: 0.99",94893,68,232,3,99.68486070843313,
"Nu: 0.1, Gamma: 0.05",95125,71,0,0,99.92541703432917,
"Nu: 0.1, Gamma: 0.0625",95125,71,0,0,99.92541703432917,
"Nu: 0.1, Gamma: 0.1",95125,71,0,0,99.92541703432917,
"Nu: 0.1, Gamma: 0.2",94893,68,232,3,99.68486070843313,
"Nu: 0.1, Gamma: 0.5",94893,68,232,3,99.68486070843313,
"Nu: 0.1, Gamma: 0.7",94893,68,232,3,99.68486070843313,
"Nu: 0.1, Gamma: 0.9",95125,71,0,0,99.92541703432917,
"Nu: 0.1, Gamma: 0.99",95125,71,0,0,99.92541703432917,
"Nu: 0.2, Gamma: 0.05",95125,71,0,0,99.92541703432917,
"Nu: 0.2, Gamma: 0.0625",95125,71,0,0,99.92541703432917,
"Nu: 0.2, Gamma: 0.1",94893,68,232,3,99.68486070843313,
"Nu: 0.2, Gamma: 0.2",94893,68,232,3,99.68486070843313,
"Nu: 0.2, Gamma: 0.5",94893,68,232,3,99.68486070843313,
"Nu: 0.2, Gamma: 0.7",94893,68,232,3,99.68486070843313,
"Nu: 0.2, Gamma: 0.9",95125,71,0,0,99.92541703432917,
"Nu: 0.2, Gamma: 0.99",95125,71,0,0,99.92541703432917,
"Nu: 0.5, Gamma: 0.05",94893,68,232,3,99.68486070843313,
"Nu: 0.5, Gamma: 0.0625",94893,68,232,3,99.68486070843313,
"Nu: 0.5, Gamma: 0.1",94893,68,232,3,99.68486070843313,
"Nu: 0.5, Gamma: 0.2",94893,68,232,3,99.68486070843313,
"Nu: 0.5, Gamma: 0.5",95125,71,0,0,99.92541703432917,
"Nu: 0.5, Gamma: 0.7",94893,68,232,3,99.68486070843313,
"Nu: 0.5, Gamma: 0.9",94893,68,232,3,99.68486070843313,
"Nu: 0.5, Gamma: 0.99",94893,68,232,3,99.68486070843313,
"Nu: 0.7, Gamma: 0.05",94893,68,232,3,99.68486070843313,
"Nu: 0.7, Gamma: 0.0625",94893,68,232,3,99.68486070843313,
"Nu: 0.7, Gamma: 0.1",95125,71,0,0,99.92541703432917,
"Nu: 0.7, Gamma: 0.2",94893,68,232,3,99.68486070843313,
"Nu: 0.7, Gamma: 0.5",95125,71,0,0,99.92541703432917,
"Nu: 0.7, Gamma: 0.7",95125,71,0,0,99.92541703432917,
"Nu: 0.7, Gamma: 0.9",95125,71,0,0,99.92541703432917,
"Nu: 0.7, Gamma: 0.99",95125,71,0,0,99.92541703432917,
"Nu: 0.9, Gamma: 0.05",94893,68,232,3,99.68486070843313,
"Nu: 0.9, Gamma: 0.0625",95125,71,0,0,99.92541703432917,
"Nu: 0.9, Gamma: 0.1",94893,68,232,3,99.68486070843313,
"Nu: 0.9, Gamma: 0.2",95125,71,0,0,99.92541703432917,
"Nu: 0.9, Gamma: 0.5",94893,68,232,3,99.68486070843313,
"Nu: 0.9, Gamma: 0.7",94893,68,232,3,99.68486070843313,
"Nu: 0.9, Gamma: 0.9",94893,68,232,3,99.68486070843313,
"Nu: 0.9, Gamma: 0.99",94893,68,232,3,99.68486070843313,
"Nu: 0.99, Gamma: 0.05",95125,71,0,0,99.92541703432917,
"Nu: 0.99, Gamma: 0.0625",95125,71,0,0,99.92541703432917,
"Nu: 0.99, Gamma: 0.1",95125,71,0,0,99.92541703432917,
"Nu: 0.99, Gamma: 0.2",95125,71,0,0,99.92541703432917,
"Nu: 0.99, Gamma: 0.5",95125,71,0,0,99.92541703432917,
"Nu: 0.99, Gamma: 0.7",95125,71,0,0,99.92541703432917,
"Nu: 0.99, Gamma: 0.9",95125,71,0,0,99.92541703432917,
"Nu: 0.99, Gamma: 0.99",95125,71,0,0,99.92541703432917,
,,,,,,
Target Class: canneal,TP,FP,FN,TN,ACC (%),
"Nu: 0.05, Gamma: 0.05",93925,191,0,0,99.7970589485316,
"Nu: 0.05, Gamma: 0.0625",93709,182,216,9,99.577117599558,
"Nu: 0.05, Gamma: 0.1",93709,182,216,9,99.577117599558,
"Nu: 0.05, Gamma: 0.2",93709,182,216,9,99.577117599558,
"Nu: 0.05, Gamma: 0.5",93709,182,216,9,99.577117599558,
"Nu: 0.05, Gamma: 0.7",93709,182,216,9,99.577117599558,
"Nu: 0.05, Gamma: 0.9",93709,182,216,9,99.577117599558,
"Nu: 0.05, Gamma: 0.99",93709,182,216,9,99.577117599558,
"Nu: 0.0625, Gamma: 0.05",93709,182,216,9,99.577117599558,
"Nu: 0.0625, Gamma: 0.0625",93709,182,216,9,99.577117599558,
"Nu: 0.0625, Gamma: 0.1",93925,191,0,0,99.7970589485316,
"Nu: 0.0625, Gamma: 0.2",93709,182,216,9,99.577117599558,
"Nu: 0.0625, Gamma: 0.5",93709,182,216,9,99.577117599558,
"Nu: 0.0625, Gamma: 0.7",93709,182,216,9,99.577117599558,
"Nu: 0.0625, Gamma: 0.9",93709,182,216,9,99.577117599558,
"Nu: 0.0625, Gamma: 0.99",93709,182,216,9,99.577117599558,
"Nu: 0.1, Gamma: 0.05",93709,182,216,9,99.577117599558,
"Nu: 0.1, Gamma: 0.0625",93709,182,216,9,99.577117599558,
"Nu: 0.1, Gamma: 0.1",93709,182,216,9,99.577117599558,
"Nu: 0.1, Gamma: 0.2",93709,182,216,9,99.577117599558,
"Nu: 0.1, Gamma: 0.5",93925,191,0,0,99.7970589485316,
"Nu: 0.1, Gamma: 0.7",93925,191,0,0,99.7970589485316,
"Nu: 0.1, Gamma: 0.9",93709,182,216,9,99.577117599558,
"Nu: 0.1, Gamma: 0.99",93709,182,216,9,99.577117599558,
"Nu: 0.2, Gamma: 0.05",93925,191,0,0,99.7970589485316,
"Nu: 0.2, Gamma: 0.0625",93709,182,216,9,99.577117599558,
"Nu: 0.2, Gamma: 0.1",93925,191,0,0,99.7970589485316,
"Nu: 0.2, Gamma: 0.2",93925,191,0,0,99.7970589485316,
"Nu: 0.2, Gamma: 0.5",93925,191,0,0,99.7970589485316,
"Nu: 0.2, Gamma: 0.7",93925,191,0,0,99.7970589485316,
"Nu: 0.2, Gamma: 0.9",93709,182,216,9,99.577117599558,
"Nu: 0.2, Gamma: 0.99",93709,182,216,9,99.577117599558,
"Nu: 0.5, Gamma: 0.05",93709,182,216,9,99.577117599558,
"Nu: 0.5, Gamma: 0.0625",93925,191,0,0,99.7970589485316,
"Nu: 0.5, Gamma: 0.1",93709,182,216,9,99.577117599558,
"Nu: 0.5, Gamma: 0.2",93925,191,0,0,99.7970589485316,
"Nu: 0.5, Gamma: 0.5",93709,182,216,9,99.577117599558,
"Nu: 0.5, Gamma: 0.7",93709,182,216,9,99.577117599558,
"Nu: 0.5, Gamma: 0.9",93709,182,216,9,99.577117599558,
"Nu: 0.5, Gamma: 0.99",93709,182,216,9,99.577117599558,
"Nu: 0.7, Gamma: 0.05",93709,182,216,9,99.577117599558,
"Nu: 0.7, Gamma: 0.0625",93709,182,216,9,99.577117599558,
"Nu: 0.7, Gamma: 0.1",93925,191,0,0,99.7970589485316,
"Nu: 0.7, Gamma: 0.2",93709,182,216,9,99.577117599558,
"Nu: 0.7, Gamma: 0.5",93709,182,216,9,99.577117599558,
"Nu: 0.7, Gamma: 0.7",93925,191,0,0,99.7970589485316,
"Nu: 0.7, Gamma: 0.9",93925,191,0,0,99.7970589485316,
"Nu: 0.7, Gamma: 0.99",93925,191,0,0,99.7970589485316,
"Nu: 0.9, Gamma: 0.05",93925,191,0,0,99.7970589485316,
"Nu: 0.9, Gamma: 0.0625",93925,191,0,0,99.7970589485316,
"Nu: 0.9, Gamma: 0.1",93709,182,216,9,99.577117599558,
"Nu: 0.9, Gamma: 0.2",93709,182,216,9,99.577117599558,
"Nu: 0.9, Gamma: 0.5",93925,191,0,0,99.7970589485316,
"Nu: 0.9, Gamma: 0.7",93925,191,0,0,99.7970589485316,
"Nu: 0.9, Gamma: 0.9",93925,191,0,0,99.7970589485316,
"Nu: 0.9, Gamma: 0.99",93925,191,0,0,99.7970589485316,
"Nu: 0.99, Gamma: 0.05",93925,191,0,0,99.7970589485316,
"Nu: 0.99, Gamma: 0.0625",93925,191,0,0,99.7970589485316,
"Nu: 0.99, Gamma: 0.1",93925,191,0,0,99.7970589485316,
"Nu: 0.99, Gamma: 0.2",93925,191,0,0,99.7970589485316,
"Nu: 0.99, Gamma: 0.5",93925,191,0,0,99.7970589485316,
"Nu: 0.99, Gamma: 0.7",93925,191,0,0,99.7970589485316,
"Nu: 0.99, Gamma: 0.9",93925,191,0,0,99.7970589485316,
"Nu: 0.99, Gamma: 0.99",93925,191,0,0,99.7970589485316,
,,,,,,
Target Class: dedup,TP,FP,FN,TN,ACC (%),
"Nu: 0.05, Gamma: 0.05",15546,494,27,7532,97.79227933387008,
"Nu: 0.05, Gamma: 0.0625",15548,521,25,7505,97.68634264163735,
"Nu: 0.05, Gamma: 0.1",15549,654,24,7372,97.12699690664859,
"Nu: 0.05, Gamma: 0.2",15556,1013,17,7013,95.63540828001187,
"Nu: 0.05, Gamma: 0.5",15562,1697,11,6329,92.76240518666046,
"Nu: 0.05, Gamma: 0.7",15565,1983,8,6043,91.56320183058604,
"Nu: 0.05, Gamma: 0.9",15566,2403,7,5623,89.78770286876563,
"Nu: 0.05, Gamma: 0.99",15566,2544,7,5482,89.19021992457307,
"Nu: 0.0625, Gamma: 0.05",15547,572,26,7454,97.46599432179329,
"Nu: 0.0625, Gamma: 0.0625",15548,590,25,7436,97.39395737107505,
"Nu: 0.0625, Gamma: 0.1",15549,697,24,7329,96.9447857960083,
"Nu: 0.0625, Gamma: 0.2",15556,1015,17,7011,95.62693334463324,
"Nu: 0.0625, Gamma: 0.5",15562,1653,11,6373,92.94885376499005,
"Nu: 0.0625, Gamma: 0.7",15565,2042,8,5984,91.31319123691681,
"Nu: 0.0625, Gamma: 0.9",15566,2265,7,5761,90.37247340989025,
"Nu: 0.0625, Gamma: 0.99",15566,2370,7,5656,89.92753930251281,
"Nu: 0.1, Gamma: 0.05",15547,837,26,7189,96.34306538412645,
"Nu: 0.1, Gamma: 0.0625",15549,856,24,7170,96.27102843340819,
"Nu: 0.1, Gamma: 0.1",15554,908,19,7118,96.07186745201068,
"Nu: 0.1, Gamma: 0.2",15556,1032,17,6994,95.554896393915,
"Nu: 0.1, Gamma: 0.5",15562,1615,11,6411,93.10987753718378,
"Nu: 0.1, Gamma: 0.7",15565,2080,8,5946,91.15216746472308,
"Nu: 0.1, Gamma: 0.9",15566,2296,7,5730,90.24111191152167,
"Nu: 0.1, Gamma: 0.99",15566,2632,7,5394,88.8173227679139,
"Nu: 0.2, Gamma: 0.05",15550,1626,23,6400,93.01241578032968,
"Nu: 0.2, Gamma: 0.0625",15552,1657,21,6369,92.88952921733971,
"Nu: 0.2, Gamma: 0.1",15556,1641,17,6385,92.9742785711259,
"Nu: 0.2, Gamma: 0.2",15561,1707,12,6319,92.71579304207805,
"Nu: 0.2, Gamma: 0.5",15564,1902,9,6124,91.90219924573076,
"Nu: 0.2, Gamma: 0.7",15565,2120,8,5906,90.98266875715073,
"Nu: 0.2, Gamma: 0.9",15566,2360,7,5666,89.9699139794059,
"Nu: 0.2, Gamma: 0.99",15566,2482,7,5544,89.45294292131022,
"Nu: 0.5, Gamma: 0.05",15559,4116,14,3910,82.49925844315436,
"Nu: 0.5, Gamma: 0.0625",15559,4291,14,3735,81.75770159752533,
"Nu: 0.5, Gamma: 0.1",15562,4179,11,3847,82.24501038179584,
"Nu: 0.5, Gamma: 0.2",15566,4027,7,3999,82.90605534132803,
"Nu: 0.5, Gamma: 0.5",15569,4240,4,3786,82.01618712657316,
"Nu: 0.5, Gamma: 0.7",15571,4066,2,3960,82.76198143989151,
"Nu: 0.5, Gamma: 0.9",15572,4338,1,3688,81.61362769608883,
"Nu: 0.5, Gamma: 0.99",15572,4635,1,3391,80.35509979236409,
"Nu: 0.7, Gamma: 0.05",15570,5664,3,2362,75.98627060468664,
"Nu: 0.7, Gamma: 0.0625",15570,5657,3,2369,76.0159328785118,
"Nu: 0.7, Gamma: 0.1",15571,5762,2,2264,75.57523623882368,
"Nu: 0.7, Gamma: 0.2",15573,5603,0,2423,76.2574685368024,
"Nu: 0.7, Gamma: 0.5",15573,5951,0,2075,74.78282978092292,
"Nu: 0.7, Gamma: 0.7",15573,5974,0,2052,74.68536802406882,
"Nu: 0.7, Gamma: 0.9",15573,5839,0,2187,75.25742616212551,
"Nu: 0.7, Gamma: 0.99",15573,5840,0,2186,75.2531886944362,
"Nu: 0.9, Gamma: 0.05",15573,7255,0,771,69.25717191406416,
"Nu: 0.9, Gamma: 0.0625",15573,7130,0,896,69.78685537522776,
"Nu: 0.9, Gamma: 0.1",15573,7491,0,535,68.25712953938726,
"Nu: 0.9, Gamma: 0.2",15573,6905,0,1121,70.74028560532226,
"Nu: 0.9, Gamma: 0.5",15573,7221,0,805,69.40124581550066,
"Nu: 0.9, Gamma: 0.7",15573,7038,0,988,70.17670240264418,
"Nu: 0.9, Gamma: 0.9",15573,7178,0,848,69.58345692614094,
"Nu: 0.9, Gamma: 0.99",15573,6876,0,1150,70.86317216831222,
"Nu: 0.99, Gamma: 0.05",15573,8026,0,0,65.99008432560701,
"Nu: 0.99, Gamma: 0.0625",15573,8026,0,0,65.99008432560701,
"Nu: 0.99, Gamma: 0.1",15573,8026,0,0,65.99008432560701,
"Nu: 0.99, Gamma: 0.2",15573,8026,0,0,65.99008432560701,
"Nu: 0.99, Gamma: 0.5",15573,8026,0,0,65.99008432560701,
"Nu: 0.99, Gamma: 0.7",15573,8026,0,0,65.99008432560701,
"Nu: 0.99, Gamma: 0.9",15573,8026,0,0,65.99008432560701,
"Nu: 0.99, Gamma: 0.99",15573,8026,0,0,65.99008432560701,
,,,,,,
Target Class: facesim,TP,FP,FN,TN,ACC (%),
"Nu: 0.05, Gamma: 0.05",95013,82,0,0,99.91377044008622,
"Nu: 0.05, Gamma: 0.0625",95013,82,0,0,99.91377044008622,
"Nu: 0.05, Gamma: 0.1",95013,82,0,0,99.91377044008622,
"Nu: 0.05, Gamma: 0.2",95013,82,0,0,99.91377044008622,
"Nu: 0.05, Gamma: 0.5",95013,82,0,0,99.91377044008622,
"Nu: 0.05, Gamma: 0.7",95013,82,0,0,99.91377044008622,
"Nu: 0.05, Gamma: 0.9",95013,82,0,0,99.91377044008622,
"Nu: 0.05, Gamma: 0.99",95013,82,0,0,99.91377044008622,
"Nu: 0.0625, Gamma: 0.05",95013,82,0,0,99.91377044008622,
"Nu: 0.0625, Gamma: 0.0625",95013,82,0,0,99.91377044008622,
"Nu: 0.0625, Gamma: 0.1",95013,82,0,0,99.91377044008622,
"Nu: 0.0625, Gamma: 0.2",95013,82,0,0,99.91377044008622,
"Nu: 0.0625, Gamma: 0.5",95013,82,0,0,99.91377044008622,
"Nu: 0.0625, Gamma: 0.7",95013,82,0,0,99.91377044008622,
"Nu: 0.0625, Gamma: 0.9",95013,82,0,0,99.91377044008622,
"Nu: 0.0625, Gamma: 0.99",95013,82,0,0,99.91377044008622,
"Nu: 0.1, Gamma: 0.05",95013,82,0,0,99.91377044008622,
"Nu: 0.1, Gamma: 0.0625",95013,82,0,0,99.91377044008622,
"Nu: 0.1, Gamma: 0.1",95013,82,0,0,99.91377044008622,
"Nu: 0.1, Gamma: 0.2",95013,82,0,0,99.91377044008622,
"Nu: 0.1, Gamma: 0.5",95013,82,0,0,99.91377044008622,
"Nu: 0.1, Gamma: 0.7",95013,82,0,0,99.91377044008622,
"Nu: 0.1, Gamma: 0.9",95013,82,0,0,99.91377044008622,
"Nu: 0.1, Gamma: 0.99",95013,82,0,0,99.91377044008622,
"Nu: 0.2, Gamma: 0.05",94749,80,264,2,99.63825648036175,
"Nu: 0.2, Gamma: 0.0625",94749,80,264,2,99.63825648036175,
"Nu: 0.2, Gamma: 0.1",95013,82,0,0,99.91377044008622,
"Nu: 0.2, Gamma: 0.2",95013,82,0,0,99.91377044008622,
"Nu: 0.2, Gamma: 0.5",95013,82,0,0,99.91377044008622,
"Nu: 0.2, Gamma: 0.7",95013,82,0,0,99.91377044008622,
"Nu: 0.2, Gamma: 0.9",95013,82,0,0,99.91377044008622,
"Nu: 0.2, Gamma: 0.99",95013,82,0,0,99.91377044008622,
"Nu: 0.5, Gamma: 0.05",94749,80,264,2,99.63825648036175,
"Nu: 0.5, Gamma: 0.0625",94749,80,264,2,99.63825648036175,
"Nu: 0.5, Gamma: 0.1",94749,80,264,2,99.63825648036175,
"Nu: 0.5, Gamma: 0.2",94749,80,264,2,99.63825648036175,
"Nu: 0.5, Gamma: 0.5",94749,80,264,2,99.63825648036175,
"Nu: 0.5, Gamma: 0.7",94749,80,264,2,99.63825648036175,
"Nu: 0.5, Gamma: 0.9",94749,80,264,2,99.63825648036175,
"Nu: 0.5, Gamma: 0.99",94749,80,264,2,99.63825648036175,
"Nu: 0.7, Gamma: 0.05",95013,82,0,0,99.91377044008622,
"Nu: 0.7, Gamma: 0.0625",95013,82,0,0,99.91377044008622,
"Nu: 0.7, Gamma: 0.1",95013,82,0,0,99.91377044008622,
"Nu: 0.7, Gamma: 0.2",95013,82,0,0,99.91377044008622,
"Nu: 0.7, Gamma: 0.5",94749,80,264,2,99.63825648036175,
"Nu: 0.7, Gamma: 0.7",94749,80,264,2,99.63825648036175,
"Nu: 0.7, Gamma: 0.9",94749,80,264,2,99.63825648036175,
"Nu: 0.7, Gamma: 0.99",94749,80,264,2,99.63825648036175,
"Nu: 0.9, Gamma: 0.05",94749,80,264,2,99.63825648036175,
"Nu: 0.9, Gamma: 0.0625",94749,80,264,2,99.63825648036175,
"Nu: 0.9, Gamma: 0.1",94749,80,264,2,99.63825648036175,
"Nu: 0.9, Gamma: 0.2",94749,80,264,2,99.63825648036175,
"Nu: 0.9, Gamma: 0.5",94749,80,264,2,99.63825648036175,
"Nu: 0.9, Gamma: 0.7",94749,80,264,2,99.63825648036175,
"Nu: 0.9, Gamma: 0.9",94749,80,264,2,99.63825648036175,
"Nu: 0.9, Gamma: 0.99",94749,80,264,2,99.63825648036175,
"Nu: 0.99, Gamma: 0.05",95013,82,0,0,99.91377044008622,
"Nu: 0.99, Gamma: 0.0625",95013,82,0,0,99.91377044008622,
"Nu: 0.99, Gamma: 0.1",95013,82,0,0,99.91377044008622,
"Nu: 0.99, Gamma: 0.2",95013,82,0,0,99.91377044008622,
"Nu: 0.99, Gamma: 0.5",95013,82,0,0,99.91377044008622,
"Nu: 0.99, Gamma: 0.7",95013,82,0,0,99.91377044008622,
"Nu: 0.99, Gamma: 0.9",95013,82,0,0,99.91377044008622,
"Nu: 0.99, Gamma: 0.99",95013,82,0,0,99.91377044008622,
,,,,,,
Target Class: ferret,TP,FP,FN,TN,ACC (%),
"Nu: 0.05, Gamma: 0.05",94045,151,232,5,99.59442144165705,
"Nu: 0.05, Gamma: 0.0625",94045,151,232,5,99.59442144165705,
"Nu: 0.05, Gamma: 0.1",94045,151,232,5,99.59442144165705,
"Nu: 0.05, Gamma: 0.2",94045,151,232,5,99.59442144165705,
"Nu: 0.05, Gamma: 0.5",94045,151,232,5,99.59442144165705,
"Nu: 0.05, Gamma: 0.7",94045,151,232,5,99.59442144165705,
"Nu: 0.05, Gamma: 0.9",94045,151,232,5,99.59442144165705,
"Nu: 0.05, Gamma: 0.99",94045,151,232,5,99.59442144165705,
"Nu: 0.0625, Gamma: 0.05",94045,151,232,5,99.59442144165705,
"Nu: 0.0625, Gamma: 0.0625",94045,151,232,5,99.59442144165705,
"Nu: 0.0625, Gamma: 0.1",94277,156,0,0,99.83480351148434,
"Nu: 0.0625, Gamma: 0.2",94045,151,232,5,99.59442144165705,
"Nu: 0.0625, Gamma: 0.5",94045,151,232,5,99.59442144165705,
"Nu: 0.0625, Gamma: 0.7",94045,151,232,5,99.59442144165705,
"Nu: 0.0625, Gamma: 0.9",94045,151,232,5,99.59442144165705,
"Nu: 0.0625, Gamma: 0.99",94045,151,232,5,99.59442144165705,
"Nu: 0.1, Gamma: 0.05",94277,156,0,0,99.83480351148434,
"Nu: 0.1, Gamma: 0.0625",94045,151,232,5,99.59442144165705,
"Nu: 0.1, Gamma: 0.1",94045,151,232,5,99.59442144165705,
"Nu: 0.1, Gamma: 0.2",94277,156,0,0,99.83480351148434,
"Nu: 0.1, Gamma: 0.5",94045,151,232,5,99.59442144165705,
"Nu: 0.1, Gamma: 0.7",94045,151,232,5,99.59442144165705,
"Nu: 0.1, Gamma: 0.9",94045,151,232,5,99.59442144165705,
"Nu: 0.1, Gamma: 0.99",94045,151,232,5,99.59442144165705,
"Nu: 0.2, Gamma: 0.05",94045,151,232,5,99.59442144165705,
"Nu: 0.2, Gamma: 0.0625",94045,151,232,5,99.59442144165705,
"Nu: 0.2, Gamma: 0.1",94277,156,0,0,99.83480351148434,
"Nu: 0.2, Gamma: 0.2",94045,151,232,5,99.59442144165705,
"Nu: 0.2, Gamma: 0.5",94277,156,0,0,99.83480351148434,
"Nu: 0.2, Gamma: 0.7",94277,156,0,0,99.83480351148434,
"Nu: 0.2, Gamma: 0.9",94277,156,0,0,99.83480351148434,
"Nu: 0.2, Gamma: 0.99",94277,156,0,0,99.83480351148434,
"Nu: 0.5, Gamma: 0.05",94277,156,0,0,99.83480351148434,
"Nu: 0.5, Gamma: 0.0625",94277,156,0,0,99.83480351148434,
"Nu: 0.5, Gamma: 0.1",94277,156,0,0,99.83480351148434,
"Nu: 0.5, Gamma: 0.2",94277,156,0,0,99.83480351148434,
"Nu: 0.5, Gamma: 0.5",94277,156,0,0,99.83480351148434,
"Nu: 0.5, Gamma: 0.7",94277,156,0,0,99.83480351148434,
"Nu: 0.5, Gamma: 0.9",94277,156,0,0,99.83480351148434,
"Nu: 0.5, Gamma: 0.99",94277,156,0,0,99.83480351148434,
"Nu: 0.7, Gamma: 0.05",94045,151,232,5,99.59442144165705,
"Nu: 0.7, Gamma: 0.0625",94277,156,0,0,99.83480351148434,
"Nu: 0.7, Gamma: 0.1",94277,156,0,0,99.83480351148434,
"Nu: 0.7, Gamma: 0.2",94045,151,232,5,99.59442144165705,
"Nu: 0.7, Gamma: 0.5",94045,151,232,5,99.59442144165705,
"Nu: 0.7, Gamma: 0.7",94045,151,232,5,99.59442144165705,
"Nu: 0.7, Gamma: 0.9",94045,151,232,5,99.59442144165705,
"Nu: 0.7, Gamma: 0.99",94045,151,232,5,99.59442144165705,
"Nu: 0.9, Gamma: 0.05",94045,151,232,5,99.59442144165705,
"Nu: 0.9, Gamma: 0.0625",94277,156,0,0,99.83480351148434,
"Nu: 0.9, Gamma: 0.1",94045,151,232,5,99.59442144165705,
"Nu: 0.9, Gamma: 0.2",94277,156,0,0,99.83480351148434,
"Nu: 0.9, Gamma: 0.5",94045,151,232,5,99.59442144165705,
"Nu: 0.9, Gamma: 0.7",94277,156,0,0,99.83480351148434,
"Nu: 0.9, Gamma: 0.9",94277,156,0,0,99.83480351148434,
"Nu: 0.9, Gamma: 0.99",94277,156,0,0,99.83480351148434,
"Nu: 0.99, Gamma: 0.05",94277,156,0,0,99.83480351148434,
"Nu: 0.99, Gamma: 0.0625",94277,156,0,0,99.83480351148434,
"Nu: 0.99, Gamma: 0.1",94277,156,0,0,99.83480351148434,
"Nu: 0.99, Gamma: 0.2",94277,156,0,0,99.83480351148434,
"Nu: 0.99, Gamma: 0.5",94277,156,0,0,99.83480351148434,
"Nu: 0.99, Gamma: 0.7",94277,156,0,0,99.83480351148434,
"Nu: 0.99, Gamma: 0.9",94277,156,0,0,99.83480351148434,
"Nu: 0.99, Gamma: 0.99",94277,156,0,0,99.83480351148434,
,,,,,,
Target Class: fluidanimate,TP,FP,FN,TN,ACC (%),
"Nu: 0.05, Gamma: 0.05",92133,362,0,8,99.60866134071328,
"Nu: 0.05, Gamma: 0.0625",91869,365,264,5,99.3200220533388,
"Nu: 0.05, Gamma: 0.1",91869,368,264,2,99.31677891527842,
"Nu: 0.05, Gamma: 0.2",91869,369,264,1,99.31569786925829,
"Nu: 0.05, Gamma: 0.5",92133,370,0,0,99.60001297255225,
"Nu: 0.05, Gamma: 0.7",91869,369,264,1,99.31569786925829,
"Nu: 0.05, Gamma: 0.9",91869,369,264,1,99.31569786925829,
"Nu: 0.05, Gamma: 0.99",91869,369,264,1,99.31569786925829,
"Nu: 0.0625, Gamma: 0.05",91869,361,264,9,99.32434623741932,
"Nu: 0.0625, Gamma: 0.0625",92133,365,0,5,99.60541820265288,
"Nu: 0.0625, Gamma: 0.1",91869,368,264,2,99.31677891527842,
"Nu: 0.0625, Gamma: 0.2",92133,370,0,0,99.60001297255225,
"Nu: 0.0625, Gamma: 0.5",92133,370,0,0,99.60001297255225,
"Nu: 0.0625, Gamma: 0.7",92133,370,0,0,99.60001297255225,
"Nu: 0.0625, Gamma: 0.9",92133,370,0,0,99.60001297255225,
"Nu: 0.0625, Gamma: 0.99",92133,370,0,0,99.60001297255225,
"Nu: 0.1, Gamma: 0.05",92133,362,0,8,99.60866134071328,
"Nu: 0.1, Gamma: 0.0625",91869,365,264,5,99.3200220533388,
"Nu: 0.1, Gamma: 0.1",92133,369,0,1,99.60109401857237,
"Nu: 0.1, Gamma: 0.2",91869,369,264,1,99.31569786925829,
"Nu: 0.1, Gamma: 0.5",91869,369,264,1,99.31569786925829,
"Nu: 0.1, Gamma: 0.7",91869,369,264,1,99.31569786925829,
"Nu: 0.1, Gamma: 0.9",91869,369,264,1,99.31569786925829,
"Nu: 0.1, Gamma: 0.99",91869,369,264,1,99.31569786925829,
"Nu: 0.2, Gamma: 0.05",92133,362,0,8,99.60866134071328,
"Nu: 0.2, Gamma: 0.0625",92133,366,0,4,99.60433715663277,
"Nu: 0.2, Gamma: 0.1",92133,369,0,1,99.60109401857237,
"Nu: 0.2, Gamma: 0.2",91869,369,264,1,99.31569786925829,
"Nu: 0.2, Gamma: 0.5",91869,369,264,1,99.31569786925829,
"Nu: 0.2, Gamma: 0.7",91869,369,264,1,99.31569786925829,
"Nu: 0.2, Gamma: 0.9",92133,370,0,0,99.60001297255225,
"Nu: 0.2, Gamma: 0.99",92133,370,0,0,99.60001297255225,
"Nu: 0.5, Gamma: 0.05",92133,362,0,8,99.60866134071328,
"Nu: 0.5, Gamma: 0.0625",91869,365,264,5,99.3200220533388,
"Nu: 0.5, Gamma: 0.1",92133,369,0,1,99.60109401857237,
"Nu: 0.5, Gamma: 0.2",91869,369,264,1,99.31569786925829,
"Nu: 0.5, Gamma: 0.5",91869,369,264,1,99.31569786925829,
"Nu: 0.5, Gamma: 0.7",91869,369,264,1,99.31569786925829,
"Nu: 0.5, Gamma: 0.9",92133,370,0,0,99.60001297255225,
"Nu: 0.5, Gamma: 0.99",92133,370,0,0,99.60001297255225,
"Nu: 0.7, Gamma: 0.05",91869,361,264,9,99.32434623741932,
"Nu: 0.7, Gamma: 0.0625",92133,366,0,4,99.60433715663277,
"Nu: 0.7, Gamma: 0.1",92133,369,0,1,99.60109401857237,
"Nu: 0.7, Gamma: 0.2",92133,370,0,0,99.60001297255225,
"Nu: 0.7, Gamma: 0.5",91869,369,264,1,99.31569786925829,
"Nu: 0.7, Gamma: 0.7",91869,369,264,1,99.31569786925829,
"Nu: 0.7, Gamma: 0.9",91869,369,264,1,99.31569786925829,
"Nu: 0.7, Gamma: 0.99",92133,370,0,0,99.60001297255225,
"Nu: 0.9, Gamma: 0.05",92133,362,0,8,99.60866134071328,
"Nu: 0.9, Gamma: 0.0625",92133,366,0,4,99.60433715663277,
"Nu: 0.9, Gamma: 0.1",91869,368,264,2,99.31677891527842,
"Nu: 0.9, Gamma: 0.2",92133,370,0,0,99.60001297255225,
"Nu: 0.9, Gamma: 0.5",92133,370,0,0,99.60001297255225,
"Nu: 0.9, Gamma: 0.7",92133,370,0,0,99.60001297255225,
"Nu: 0.9, Gamma: 0.9",92133,370,0,0,99.60001297255225,
"Nu: 0.9, Gamma: 0.99",92133,370,0,0,99.60001297255225,
"Nu: 0.99, Gamma: 0.05",91869,366,264,4,99.31894100731868,
"Nu: 0.99, Gamma: 0.0625",92133,367,0,3,99.60325611061262,
"Nu: 0.99, Gamma: 0.1",91869,368,264,2,99.31677891527842,
"Nu: 0.99, Gamma: 0.2",91869,369,264,1,99.31569786925829,
"Nu: 0.99, Gamma: 0.5",92133,370,0,0,99.60001297255225,
"Nu: 0.99, Gamma: 0.7",92133,370,0,0,99.60001297255225,
"Nu: 0.99, Gamma: 0.9",91869,369,264,1,99.31569786925829,
"Nu: 0.99, Gamma: 0.99",91869,369,264,1,99.31569786925829,
,,,,,,
Target Class: freqmine,TP,FP,FN,TN,ACC (%),
"Nu: 0.05, Gamma: 0.05",95237,60,0,0,99.93703894141474,
"Nu: 0.05, Gamma: 0.0625",95237,60,0,0,99.93703894141474,
"Nu: 0.05, Gamma: 0.1",94973,58,264,2,99.66210898559241,
"Nu: 0.05, Gamma: 0.2",94973,58,264,2,99.66210898559241,
"Nu: 0.05, Gamma: 0.5",94973,58,264,2,99.66210898559241,
"Nu: 0.05, Gamma: 0.7",94973,58,264,2,99.66210898559241,
"Nu: 0.05, Gamma: 0.9",94973,58,264,2,99.66210898559241,
"Nu: 0.05, Gamma: 0.99",94973,58,264,2,99.66210898559241,
"Nu: 0.0625, Gamma: 0.05",95237,60,0,0,99.93703894141474,
"Nu: 0.0625, Gamma: 0.0625",95237,60,0,0,99.93703894141474,
"Nu: 0.0625, Gamma: 0.1",95237,60,0,0,99.93703894141474,
"Nu: 0.0625, Gamma: 0.2",95237,60,0,0,99.93703894141474,
"Nu: 0.0625, Gamma: 0.5",95237,60,0,0,99.93703894141474,
"Nu: 0.0625, Gamma: 0.7",95237,60,0,0,99.93703894141474,
"Nu: 0.0625, Gamma: 0.9",95237,60,0,0,99.93703894141474,
"Nu: 0.0625, Gamma: 0.99",95237,60,0,0,99.93703894141474,
"Nu: 0.1, Gamma: 0.05",94973,58,264,2,99.66210898559241,
"Nu: 0.1, Gamma: 0.0625",94973,58,264,2,99.66210898559241,
"Nu: 0.1, Gamma: 0.1",94973,58,264,2,99.66210898559241,
"Nu: 0.1, Gamma: 0.2",94973,58,264,2,99.66210898559241,
"Nu: 0.1, Gamma: 0.5",94973,58,264,2,99.66210898559241,
"Nu: 0.1, Gamma: 0.7",94973,58,264,2,99.66210898559241,
"Nu: 0.1, Gamma: 0.9",94973,58,264,2,99.66210898559241,
"Nu: 0.1, Gamma: 0.99",94973,58,264,2,99.66210898559241,
"Nu: 0.2, Gamma: 0.05",94973,58,264,2,99.66210898559241,
"Nu: 0.2, Gamma: 0.0625",94973,58,264,2,99.66210898559241,
"Nu: 0.2, Gamma: 0.1",94973,58,264,2,99.66210898559241,
"Nu: 0.2, Gamma: 0.2",95237,60,0,0,99.93703894141474,
"Nu: 0.2, Gamma: 0.5",95237,60,0,0,99.93703894141474,
"Nu: 0.2, Gamma: 0.7",95237,60,0,0,99.93703894141474,
"Nu: 0.2, Gamma: 0.9",95237,60,0,0,99.93703894141474,
"Nu: 0.2, Gamma: 0.99",95237,60,0,0,99.93703894141474,
"Nu: 0.5, Gamma: 0.05",94973,58,264,2,99.66210898559241,
"Nu: 0.5, Gamma: 0.0625",94973,58,264,2,99.66210898559241,
"Nu: 0.5, Gamma: 0.1",94973,58,264,2,99.66210898559241,
"Nu: 0.5, Gamma: 0.2",94973,58,264,2,99.66210898559241,
"Nu: 0.5, Gamma: 0.5",94973,58,264,2,99.66210898559241,
"Nu: 0.5, Gamma: 0.7",94973,58,264,2,99.66210898559241,
"Nu: 0.5, Gamma: 0.9",94973,58,264,2,99.66210898559241,
"Nu: 0.5, Gamma: 0.99",94973,58,264,2,99.66210898559241,
"Nu: 0.7, Gamma: 0.05",95237,60,0,0,99.93703894141474,
"Nu: 0.7, Gamma: 0.0625",95237,60,0,0,99.93703894141474,
"Nu: 0.7, Gamma: 0.1",95237,60,0,0,99.93703894141474,
"Nu: 0.7, Gamma: 0.2",95237,60,0,0,99.93703894141474,
"Nu: 0.7, Gamma: 0.5",94973,58,264,2,99.66210898559241,
"Nu: 0.7, Gamma: 0.7",94973,58,264,2,99.66210898559241,
"Nu: 0.7, Gamma: 0.9",94973,58,264,2,99.66210898559241,
"Nu: 0.7, Gamma: 0.99",94973,58,264,2,99.66210898559241,
"Nu: 0.9, Gamma: 0.05",94973,58,264,2,99.66210898559241,
"Nu: 0.9, Gamma: 0.0625",94973,58,264,2,99.66210898559241,
"Nu: 0.9, Gamma: 0.1",94973,58,264,2,99.66210898559241,
"Nu: 0.9, Gamma: 0.2",94973,58,264,2,99.66210898559241,
"Nu: 0.9, Gamma: 0.5",94973,58,264,2,99.66210898559241,
"Nu: 0.9, Gamma: 0.7",94973,58,264,2,99.66210898559241,
"Nu: 0.9, Gamma: 0.9",94973,58,264,2,99.66210898559241,
"Nu: 0.9, Gamma: 0.99",94973,58,264,2,99.66210898559241,
"Nu: 0.99, Gamma: 0.05",95237,60,0,0,99.93703894141474,
"Nu: 0.99, Gamma: 0.0625",95237,60,0,0,99.93703894141474,
"Nu: 0.99, Gamma: 0.1",95237,60,0,0,99.93703894141474,
"Nu: 0.99, Gamma: 0.2",95237,60,0,0,99.93703894141474,
"Nu: 0.99, Gamma: 0.5",95237,60,0,0,99.93703894141474,
"Nu: 0.99, Gamma: 0.7",95237,60,0,0,99.93703894141474,
"Nu: 0.99, Gamma: 0.9",95237,60,0,0,99.93703894141474,
"Nu: 0.99, Gamma: 0.99",95237,60,0,0,99.93703894141474,
,,,,,,
Target Class: raytrace,TP,FP,FN,TN,ACC (%),
"Nu: 0.05, Gamma: 0.05",95333,50,0,0,99.94757975739913,
"Nu: 0.05, Gamma: 0.0625",95333,50,0,0,99.94757975739913,
"Nu: 0.05, Gamma: 0.1",95333,50,0,0,99.94757975739913,
"Nu: 0.05, Gamma: 0.2",95333,50,0,0,99.94757975739913,
"Nu: 0.05, Gamma: 0.5",95333,50,0,0,99.94757975739913,
"Nu: 0.05, Gamma: 0.7",95333,50,0,0,99.94757975739913,
"Nu: 0.05, Gamma: 0.9",95333,50,0,0,99.94757975739913,
"Nu: 0.05, Gamma: 0.99",95333,50,0,0,99.94757975739913,
"Nu: 0.0625, Gamma: 0.05",95333,50,0,0,99.94757975739913,
"Nu: 0.0625, Gamma: 0.0625",95333,50,0,0,99.94757975739913,
"Nu: 0.0625, Gamma: 0.1",95333,50,0,0,99.94757975739913,
"Nu: 0.0625, Gamma: 0.2",95333,50,0,0,99.94757975739913,
"Nu: 0.0625, Gamma: 0.5",95333,50,0,0,99.94757975739913,
"Nu: 0.0625, Gamma: 0.7",95333,50,0,0,99.94757975739913,
"Nu: 0.0625, Gamma: 0.9",95333,50,0,0,99.94757975739913,
"Nu: 0.0625, Gamma: 0.99",95333,50,0,0,99.94757975739913,
"Nu: 0.1, Gamma: 0.05",95333,50,0,0,99.94757975739913,
"Nu: 0.1, Gamma: 0.0625",95333,50,0,0,99.94757975739913,
"Nu: 0.1, Gamma: 0.1",95333,50,0,0,99.94757975739913,
"Nu: 0.1, Gamma: 0.2",95333,50,0,0,99.94757975739913,
"Nu: 0.1, Gamma: 0.5",95333,50,0,0,99.94757975739913,
"Nu: 0.1, Gamma: 0.7",95333,50,0,0,99.94757975739913,
"Nu: 0.1, Gamma: 0.9",95333,50,0,0,99.94757975739913,
"Nu: 0.1, Gamma: 0.99",95333,50,0,0,99.94757975739913,
"Nu: 0.2, Gamma: 0.05",95333,50,0,0,99.94757975739913,
"Nu: 0.2, Gamma: 0.0625",95333,50,0,0,99.94757975739913,
"Nu: 0.2, Gamma: 0.1",95333,50,0,0,99.94757975739913,
"Nu: 0.2, Gamma: 0.2",95333,50,0,0,99.94757975739913,
"Nu: 0.2, Gamma: 0.5",95333,50,0,0,99.94757975739913,
"Nu: 0.2, Gamma: 0.7",95333,50,0,0,99.94757975739913,
"Nu: 0.2, Gamma: 0.9",95333,50,0,0,99.94757975739913,
"Nu: 0.2, Gamma: 0.99",95333,50,0,0,99.94757975739913,
"Nu: 0.5, Gamma: 0.05",95333,50,0,0,99.94757975739913,
"Nu: 0.5, Gamma: 0.0625",95333,50,0,0,99.94757975739913,
"Nu: 0.5, Gamma: 0.1",95333,50,0,0,99.94757975739913,
"Nu: 0.5, Gamma: 0.2",95333,50,0,0,99.94757975739913,
"Nu: 0.5, Gamma: 0.5",95333,50,0,0,99.94757975739913,
"Nu: 0.5, Gamma: 0.7",95333,50,0,0,99.94757975739913,
"Nu: 0.5, Gamma: 0.9",95333,50,0,0,99.94757975739913,
"Nu: 0.5, Gamma: 0.99",95333,50,0,0,99.94757975739913,
"Nu: 0.7, Gamma: 0.05",95333,50,0,0,99.94757975739913,
"Nu: 0.7, Gamma: 0.0625",95333,50,0,0,99.94757975739913,
"Nu: 0.7, Gamma: 0.1",95333,50,0,0,99.94757975739913,
"Nu: 0.7, Gamma: 0.2",95333,50,0,0,99.94757975739913,
"Nu: 0.7, Gamma: 0.5",95333,50,0,0,99.94757975739913,
"Nu: 0.7, Gamma: 0.7",95333,50,0,0,99.94757975739913,
"Nu: 0.7, Gamma: 0.9",95333,50,0,0,99.94757975739913,
"Nu: 0.7, Gamma: 0.99",95333,50,0,0,99.94757975739913,
"Nu: 0.9, Gamma: 0.05",95333,50,0,0,99.94757975739913,
"Nu: 0.9, Gamma: 0.0625",95333,50,0,0,99.94757975739913,
"Nu: 0.9, Gamma: 0.1",95333,50,0,0,99.94757975739913,
"Nu: 0.9, Gamma: 0.2",95333,50,0,0,99.94757975739913,
"Nu: 0.9, Gamma: 0.5",95333,50,0,0,99.94757975739913,
"Nu: 0.9, Gamma: 0.7",95333,50,0,0,99.94757975739913,
"Nu: 0.9, Gamma: 0.9",95333,50,0,0,99.94757975739913,
"Nu: 0.9, Gamma: 0.99",95333,50,0,0,99.94757975739913,
"Nu: 0.99, Gamma: 0.05",95333,50,0,0,99.94757975739913,
"Nu: 0.99, Gamma: 0.0625",95333,50,0,0,99.94757975739913,
"Nu: 0.99, Gamma: 0.1",95333,50,0,0,99.94757975739913,
"Nu: 0.99, Gamma: 0.2",95333,50,0,0,99.94757975739913,
"Nu: 0.99, Gamma: 0.5",95333,50,0,0,99.94757975739913,
"Nu: 0.99, Gamma: 0.7",95333,50,0,0,99.94757975739913,
"Nu: 0.99, Gamma: 0.9",95333,50,0,0,99.94757975739913,
"Nu: 0.99, Gamma: 0.99",95333,50,0,0,99.94757975739913,
,,,,,,
Target Class: streamcluster,TP,FP,FN,TN,ACC (%),
"Nu: 0.05, Gamma: 0.05",93349,248,0,0,99.73503424255051,
"Nu: 0.05, Gamma: 0.0625",93349,248,0,0,99.73503424255051,
"Nu: 0.05, Gamma: 0.1",93349,248,0,0,99.73503424255051,
"Nu: 0.05, Gamma: 0.2",93085,247,264,1,99.45404233041657,
"Nu: 0.05, Gamma: 0.5",93085,247,264,1,99.45404233041657,
"Nu: 0.05, Gamma: 0.7",93349,248,0,0,99.73503424255051,
"Nu: 0.05, Gamma: 0.9",93349,248,0,0,99.73503424255051,
"Nu: 0.05, Gamma: 0.99",93349,248,0,0,99.73503424255051,
"Nu: 0.0625, Gamma: 0.05",93349,248,0,0,99.73503424255051,
"Nu: 0.0625, Gamma: 0.0625",93085,247,264,1,99.45404233041657,
"Nu: 0.0625, Gamma: 0.1",93085,247,264,1,99.45404233041657,
"Nu: 0.0625, Gamma: 0.2",93085,247,264,1,99.45404233041657,
"Nu: 0.0625, Gamma: 0.5",93085,247,264,1,99.45404233041657,
"Nu: 0.0625, Gamma: 0.7",93349,248,0,0,99.73503424255051,
"Nu: 0.0625, Gamma: 0.9",93085,247,264,1,99.45404233041657,
"Nu: 0.0625, Gamma: 0.99",93085,247,264,1,99.45404233041657,
"Nu: 0.1, Gamma: 0.05",93085,247,264,1,99.45404233041657,
"Nu: 0.1, Gamma: 0.0625",93349,248,0,0,99.73503424255051,
"Nu: 0.1, Gamma: 0.1",93349,248,0,0,99.73503424255051,
"Nu: 0.1, Gamma: 0.2",93085,247,264,1,99.45404233041657,
"Nu: 0.1, Gamma: 0.5",93349,248,0,0,99.73503424255051,
"Nu: 0.1, Gamma: 0.7",93349,248,0,0,99.73503424255051,
"Nu: 0.1, Gamma: 0.9",93349,248,0,0,99.73503424255051,
"Nu: 0.1, Gamma: 0.99",93349,248,0,0,99.73503424255051,
"Nu: 0.2, Gamma: 0.05",93349,248,0,0,99.73503424255051,
"Nu: 0.2, Gamma: 0.0625",93349,248,0,0,99.73503424255051,
"Nu: 0.2, Gamma: 0.1",93085,247,264,1,99.45404233041657,
"Nu: 0.2, Gamma: 0.2",93349,248,0,0,99.73503424255051,
"Nu: 0.2, Gamma: 0.5",93349,248,0,0,99.73503424255051,
"Nu: 0.2, Gamma: 0.7",93349,248,0,0,99.73503424255051,
"Nu: 0.2, Gamma: 0.9",93349,248,0,0,99.73503424255051,
"Nu: 0.2, Gamma: 0.99",93349,248,0,0,99.73503424255051,
"Nu: 0.5, Gamma: 0.05",93085,247,264,1,99.45404233041657,
"Nu: 0.5, Gamma: 0.0625",93349,248,0,0,99.73503424255051,
"Nu: 0.5, Gamma: 0.1",93085,247,264,1,99.45404233041657,
"Nu: 0.5, Gamma: 0.2",93349,248,0,0,99.73503424255051,
"Nu: 0.5, Gamma: 0.5",93349,248,0,0,99.73503424255051,
"Nu: 0.5, Gamma: 0.7",93349,248,0,0,99.73503424255051,
"Nu: 0.5, Gamma: 0.9",93349,248,0,0,99.73503424255051,
"Nu: 0.5, Gamma: 0.99",93349,248,0,0,99.73503424255051,
"Nu: 0.7, Gamma: 0.05",93349,248,0,0,99.73503424255051,
"Nu: 0.7, Gamma: 0.0625",93349,248,0,0,99.73503424255051,
"Nu: 0.7, Gamma: 0.1",93085,247,264,1,99.45404233041657,
"Nu: 0.7, Gamma: 0.2",93349,248,0,0,99.73503424255051,
"Nu: 0.7, Gamma: 0.5",93349,248,0,0,99.73503424255051,
"Nu: 0.7, Gamma: 0.7",93349,248,0,0,99.73503424255051,
"Nu: 0.7, Gamma: 0.9",93349,248,0,0,99.73503424255051,
"Nu: 0.7, Gamma: 0.99",93349,248,0,0,99.73503424255051,
"Nu: 0.9, Gamma: 0.05",93085,247,264,1,99.45404233041657,
"Nu: 0.9, Gamma: 0.0625",93085,247,264,1,99.45404233041657,
"Nu: 0.9, Gamma: 0.1",93085,247,264,1,99.45404233041657,
"Nu: 0.9, Gamma: 0.2",93349,248,0,0,99.73503424255051,
"Nu: 0.9, Gamma: 0.5",93349,248,0,0,99.73503424255051,
"Nu: 0.9, Gamma: 0.7",93349,248,0,0,99.73503424255051,
"Nu: 0.9, Gamma: 0.9",93349,248,0,0,99.73503424255051,
"Nu: 0.9, Gamma: 0.99",93349,248,0,0,99.73503424255051,
"Nu: 0.99, Gamma: 0.05",93349,248,0,0,99.73503424255051,
"Nu: 0.99, Gamma: 0.0625",93349,248,0,0,99.73503424255051,
"Nu: 0.99, Gamma: 0.1",93085,247,264,1,99.45404233041657,
"Nu: 0.99, Gamma: 0.2",93349,248,0,0,99.73503424255051,
"Nu: 0.99, Gamma: 0.5",93085,247,264,1,99.45404233041657,
"Nu: 0.99, Gamma: 0.7",93085,247,264,1,99.45404233041657,
"Nu: 0.99, Gamma: 0.9",93085,247,264,1,99.45404233041657,
"Nu: 0.99, Gamma: 0.99",93085,247,264,1,99.45404233041657,
,,,,,,
Target Class: swaptions,TP,FP,FN,TN,ACC (%),
"Nu: 0.05, Gamma: 0.05",95317,52,0,0,99.94547494468853,
"Nu: 0.05, Gamma: 0.0625",95317,52,0,0,99.94547494468853,
"Nu: 0.05, Gamma: 0.1",95317,52,0,0,99.94547494468853,
"Nu: 0.05, Gamma: 0.2",95317,52,0,0,99.94547494468853,
"Nu: 0.05, Gamma: 0.5",95317,52,0,0,99.94547494468853,
"Nu: 0.05, Gamma: 0.7",95317,52,0,0,99.94547494468853,
"Nu: 0.05, Gamma: 0.9",95317,52,0,0,99.94547494468853,
"Nu: 0.05, Gamma: 0.99",95317,52,0,0,99.94547494468853,
"Nu: 0.0625, Gamma: 0.05",95317,52,0,0,99.94547494468853,
"Nu: 0.0625, Gamma: 0.0625",95317,52,0,0,99.94547494468853,
"Nu: 0.0625, Gamma: 0.1",95317,52,0,0,99.94547494468853,
"Nu: 0.0625, Gamma: 0.2",95317,52,0,0,99.94547494468853,
"Nu: 0.0625, Gamma: 0.5",95317,52,0,0,99.94547494468853,
"Nu: 0.0625, Gamma: 0.7",95317,52,0,0,99.94547494468853,
"Nu: 0.0625, Gamma: 0.9",95317,52,0,0,99.94547494468853,
"Nu: 0.0625, Gamma: 0.99",95317,52,0,0,99.94547494468853,
"Nu: 0.1, Gamma: 0.05",95317,52,0,0,99.94547494468853,
"Nu: 0.1, Gamma: 0.0625",95317,52,0,0,99.94547494468853,
"Nu: 0.1, Gamma: 0.1",95317,52,0,0,99.94547494468853,
"Nu: 0.1, Gamma: 0.2",95317,52,0,0,99.94547494468853,
"Nu: 0.1, Gamma: 0.5",95317,52,0,0,99.94547494468853,
"Nu: 0.1, Gamma: 0.7",95317,52,0,0,99.94547494468853,
"Nu: 0.1, Gamma: 0.9",95317,52,0,0,99.94547494468853,
"Nu: 0.1, Gamma: 0.99",95317,52,0,0,99.94547494468853,
"Nu: 0.2, Gamma: 0.05",95317,52,0,0,99.94547494468853,
"Nu: 0.2, Gamma: 0.0625",95317,52,0,0,99.94547494468853,
"Nu: 0.2, Gamma: 0.1",95317,52,0,0,99.94547494468853,
"Nu: 0.2, Gamma: 0.2",95317,52,0,0,99.94547494468853,
"Nu: 0.2, Gamma: 0.5",95317,52,0,0,99.94547494468853,
"Nu: 0.2, Gamma: 0.7",95317,52,0,0,99.94547494468853,
"Nu: 0.2, Gamma: 0.9",95317,52,0,0,99.94547494468853,
"Nu: 0.2, Gamma: 0.99",95317,52,0,0,99.94547494468853,
"Nu: 0.5, Gamma: 0.05",95317,52,0,0,99.94547494468853,
"Nu: 0.5, Gamma: 0.0625",95317,52,0,0,99.94547494468853,
"Nu: 0.5, Gamma: 0.1",95317,52,0,0,99.94547494468853,
"Nu: 0.5, Gamma: 0.2",95317,52,0,0,99.94547494468853,
"Nu: 0.5, Gamma: 0.5",95317,52,0,0,99.94547494468853,
"Nu: 0.5, Gamma: 0.7",95317,52,0,0,99.94547494468853,
"Nu: 0.5, Gamma: 0.9",95317,52,0,0,99.94547494468853,
"Nu: 0.5, Gamma: 0.99",95317,52,0,0,99.94547494468853,
"Nu: 0.7, Gamma: 0.05",95317,52,0,0,99.94547494468853,
"Nu: 0.7, Gamma: 0.0625",95317,52,0,0,99.94547494468853,
"Nu: 0.7, Gamma: 0.1",95317,52,0,0,99.94547494468853,
"Nu: 0.7, Gamma: 0.2",95317,52,0,0,99.94547494468853,
"Nu: 0.7, Gamma: 0.5",95317,52,0,0,99.94547494468853,
"Nu: 0.7, Gamma: 0.7",95317,52,0,0,99.94547494468853,
"Nu: 0.7, Gamma: 0.9",95317,52,0,0,99.94547494468853,
"Nu: 0.7, Gamma: 0.99",95317,52,0,0,99.94547494468853,
"Nu: 0.9, Gamma: 0.05",95317,52,0,0,99.94547494468853,
"Nu: 0.9, Gamma: 0.0625",95317,52,0,0,99.94547494468853,
"Nu: 0.9, Gamma: 0.1",95317,52,0,0,99.94547494468853,
"Nu: 0.9, Gamma: 0.2",95317,52,0,0,99.94547494468853,
"Nu: 0.9, Gamma: 0.5",95317,52,0,0,99.94547494468853,
"Nu: 0.9, Gamma: 0.7",95317,52,0,0,99.94547494468853,
"Nu: 0.9, Gamma: 0.9",95317,52,0,0,99.94547494468853,
"Nu: 0.9, Gamma: 0.99",95317,52,0,0,99.94547494468853,
"Nu: 0.99, Gamma: 0.05",95317,52,0,0,99.94547494468853,
"Nu: 0.99, Gamma: 0.0625",95317,52,0,0,99.94547494468853,
"Nu: 0.99, Gamma: 0.1",95317,52,0,0,99.94547494468853,
"Nu: 0.99, Gamma: 0.2",95317,52,0,0,99.94547494468853,
"Nu: 0.99, Gamma: 0.5",95317,52,0,0,99.94547494468853,
"Nu: 0.99, Gamma: 0.7",95317,52,0,0,99.94547494468853,
"Nu: 0.99, Gamma: 0.9",95317,52,0,0,99.94547494468853,
"Nu: 0.99, Gamma: 0.99",95317,52,0,0,99.94547494468853,
,,,,,,
Target Class: vips,TP,FP,FN,TN,ACC (%),
"Nu: 0.05, Gamma: 0.05",93957,188,0,0,99.80030803547719,
"Nu: 0.05, Gamma: 0.0625",93709,179,248,9,99.54644431462107,
"Nu: 0.05, Gamma: 0.1",93709,179,248,9,99.54644431462107,
"Nu: 0.05, Gamma: 0.2",93709,179,248,9,99.54644431462107,
"Nu: 0.05, Gamma: 0.5",93709,179,248,9,99.54644431462107,
"Nu: 0.05, Gamma: 0.7",93709,179,248,9,99.54644431462107,
"Nu: 0.05, Gamma: 0.9",93709,179,248,9,99.54644431462107,
"Nu: 0.05, Gamma: 0.99",93709,179,248,9,99.54644431462107,
"Nu: 0.0625, Gamma: 0.05",93709,179,248,9,99.54644431462107,
"Nu: 0.0625, Gamma: 0.0625",93709,179,248,9,99.54644431462107,
"Nu: 0.0625, Gamma: 0.1",93709,179,248,9,99.54644431462107,
"Nu: 0.0625, Gamma: 0.2",93709,179,248,9,99.54644431462107,
"Nu: 0.0625, Gamma: 0.5",93709,179,248,9,99.54644431462107,
"Nu: 0.0625, Gamma: 0.7",93709,179,248,9,99.54644431462107,
"Nu: 0.0625, Gamma: 0.9",93709,179,248,9,99.54644431462107,
"Nu: 0.0625, Gamma: 0.99",93709,179,248,9,99.54644431462107,
"Nu: 0.1, Gamma: 0.05",93957,188,0,0,99.80030803547719,
"Nu: 0.1, Gamma: 0.0625",93957,188,0,0,99.80030803547719,
"Nu: 0.1, Gamma: 0.1",93957,188,0,0,99.80030803547719,
"Nu: 0.1, Gamma: 0.2",93709,179,248,9,99.54644431462107,
"Nu: 0.1, Gamma: 0.5",93709,179,248,9,99.54644431462107,
"Nu: 0.1, Gamma: 0.7",93709,179,248,9,99.54644431462107,
"Nu: 0.1, Gamma: 0.9",93709,179,248,9,99.54644431462107,
"Nu: 0.1, Gamma: 0.99",93709,179,248,9,99.54644431462107,
"Nu: 0.2, Gamma: 0.05",93957,188,0,0,99.80030803547719,
"Nu: 0.2, Gamma: 0.0625",93957,188,0,0,99.80030803547719,
"Nu: 0.2, Gamma: 0.1",93957,188,0,0,99.80030803547719,
"Nu: 0.2, Gamma: 0.2",93709,179,248,9,99.54644431462107,
"Nu: 0.2, Gamma: 0.5",93709,179,248,9,99.54644431462107,
"Nu: 0.2, Gamma: 0.7",93709,179,248,9,99.54644431462107,
"Nu: 0.2, Gamma: 0.9",93709,179,248,9,99.54644431462107,
"Nu: 0.2, Gamma: 0.99",93709,179,248,9,99.54644431462107,
"Nu: 0.5, Gamma: 0.05",93709,179,248,9,99.54644431462107,
"Nu: 0.5, Gamma: 0.0625",93709,179,248,9,99.54644431462107,
"Nu: 0.5, Gamma: 0.1",93709,179,248,9,99.54644431462107,
"Nu: 0.5, Gamma: 0.2",93709,179,248,9,99.54644431462107,
"Nu: 0.5, Gamma: 0.5",93709,179,248,9,99.54644431462107,
"Nu: 0.5, Gamma: 0.7",93709,179,248,9,99.54644431462107,
"Nu: 0.5, Gamma: 0.9",93709,179,248,9,99.54644431462107,
"Nu: 0.5, Gamma: 0.99",93709,179,248,9,99.54644431462107,
"Nu: 0.7, Gamma: 0.05",93709,179,248,9,99.54644431462107,
"Nu: 0.7, Gamma: 0.0625",93709,179,248,9,99.54644431462107,
"Nu: 0.7, Gamma: 0.1",93709,179,248,9,99.54644431462107,
"Nu: 0.7, Gamma: 0.2",93709,179,248,9,99.54644431462107,
"Nu: 0.7, Gamma: 0.5",93709,179,248,9,99.54644431462107,
"Nu: 0.7, Gamma: 0.7",93709,179,248,9,99.54644431462107,
"Nu: 0.7, Gamma: 0.9",93709,179,248,9,99.54644431462107,
"Nu: 0.7, Gamma: 0.99",93709,179,248,9,99.54644431462107,
"Nu: 0.9, Gamma: 0.05",93957,188,0,0,99.80030803547719,
"Nu: 0.9, Gamma: 0.0625",93957,188,0,0,99.80030803547719,
"Nu: 0.9, Gamma: 0.1",93957,188,0,0,99.80030803547719,
"Nu: 0.9, Gamma: 0.2",93709,179,248,9,99.54644431462107,
"Nu: 0.9, Gamma: 0.5",93709,179,248,9,99.54644431462107,
"Nu: 0.9, Gamma: 0.7",93709,179,248,9,99.54644431462107,
"Nu: 0.9, Gamma: 0.9",93709,179,248,9,99.54644431462107,
"Nu: 0.9, Gamma: 0.99",93709,179,248,9,99.54644431462107,
"Nu: 0.99, Gamma: 0.05",93957,188,0,0,99.80030803547719,
"Nu: 0.99, Gamma: 0.0625",93957,188,0,0,99.80030803547719,
"Nu: 0.99, Gamma: 0.1",93957,188,0,0,99.80030803547719,
"Nu: 0.99, Gamma: 0.2",93957,188,0,0,99.80030803547719,
"Nu: 0.99, Gamma: 0.5",93957,188,0,0,99.80030803547719,
"Nu: 0.99, Gamma: 0.7",93957,188,0,0,99.80030803547719,
"Nu: 0.99, Gamma: 0.9",93957,188,0,0,99.80030803547719,
"Nu: 0.99, Gamma: 0.99",93957,188,0,0,99.80030803547719,
,,,,,,
Target Class: x264,TP,FP,FN,TN,ACC (%),
"Nu: 0.05, Gamma: 0.05",71149,33,24344,1,74.4815601871722,
"Nu: 0.05, Gamma: 0.0625",76412,33,19081,1,79.99099730966114,
"Nu: 0.05, Gamma: 0.1",82945,34,12548,0,86.8288546693605,
"Nu: 0.05, Gamma: 0.2",91502,28,3991,6,95.79281250327134,
"Nu: 0.05, Gamma: 0.5",95445,34,48,0,99.91416039444346,
"Nu: 0.05, Gamma: 0.7",95470,34,23,0,99.94033100589363,
"Nu: 0.05, Gamma: 0.9",95245,28,248,6,99.71107644959017,
"Nu: 0.05, Gamma: 0.99",95245,28,248,6,99.71107644959017,
"Nu: 0.0625, Gamma: 0.05",65384,27,30109,7,68.452898133512,
"Nu: 0.0625, Gamma: 0.0625",76107,27,19386,7,79.67799679671715,
"Nu: 0.0625, Gamma: 0.1",82900,34,12593,0,86.7817475687502,
"Nu: 0.0625, Gamma: 0.2",91696,34,3797,0,95.98961550137658,
"Nu: 0.0625, Gamma: 0.5",95465,34,28,0,99.93509688360359,
"Nu: 0.0625, Gamma: 0.7",95241,28,252,6,99.70688915175813,
"Nu: 0.0625, Gamma: 0.9",95492,34,1,0,99.96336114396976,
"Nu: 0.0625, Gamma: 0.99",95491,34,2,0,99.96231431951176,
"Nu: 0.1, Gamma: 0.05",65320,27,30173,7,68.38590136819957,
"Nu: 0.1, Gamma: 0.0625",75997,27,19496,7,79.56284610633642,
"Nu: 0.1, Gamma: 0.1",82979,34,12514,0,86.86444670093272,
"Nu: 0.1, Gamma: 0.2",91503,28,3990,6,95.79385932772934,
"Nu: 0.1, Gamma: 0.5",95468,34,25,0,99.93823735697761,
"Nu: 0.1, Gamma: 0.7",95471,34,22,0,99.94137783035163,
"Nu: 0.1, Gamma: 0.9",95245,28,248,6,99.71107644959017,
"Nu: 0.1, Gamma: 0.99",95245,28,248,6,99.71107644959017,
"Nu: 0.2, Gamma: 0.05",65610,33,29883,1,68.68319951427345,
"Nu: 0.2, Gamma: 0.0625",75995,27,19498,7,79.56075245742042,
"Nu: 0.2, Gamma: 0.1",82737,28,12756,6,86.61739612884315,
"Nu: 0.2, Gamma: 0.2",91729,34,3764,0,96.0241607084908,
"Nu: 0.2, Gamma: 0.5",95465,34,28,0,99.93509688360359,
"Nu: 0.2, Gamma: 0.7",95471,34,22,0,99.94137783035163,
"Nu: 0.2, Gamma: 0.9",95493,34,0,0,99.96440796842776,
"Nu: 0.2, Gamma: 0.99",95493,34,0,0,99.96440796842776,
"Nu: 0.5, Gamma: 0.05",65628,33,29865,1,68.70204235451757,
"Nu: 0.5, Gamma: 0.0625",76338,33,19155,1,79.91353229976865,
"Nu: 0.5, Gamma: 0.1",82962,34,12531,0,86.84665068514661,
"Nu: 0.5, Gamma: 0.2",91718,34,3775,0,96.01264563945271,
"Nu: 0.5, Gamma: 0.5",95447,34,46,0,99.91625404335946,
"Nu: 0.5, Gamma: 0.7",95492,34,1,0,99.96336114396976,
"Nu: 0.5, Gamma: 0.9",95244,28,249,6,99.71002962513215,
"Nu: 0.5, Gamma: 0.99",95241,28,252,6,99.70688915175813,
"Nu: 0.7, Gamma: 0.05",65365,27,30128,7,68.43300846880986,
"Nu: 0.7, Gamma: 0.0625",76089,27,19404,7,79.65915395647303,
"Nu: 0.7, Gamma: 0.1",82946,34,12547,0,86.82990149381851,
"Nu: 0.7, Gamma: 0.2",91474,28,4019,6,95.76350141844713,
"Nu: 0.7, Gamma: 0.5",95465,34,28,0,99.93509688360359,
"Nu: 0.7, Gamma: 0.7",95493,34,0,0,99.96440796842776,
"Nu: 0.7, Gamma: 0.9",95223,28,270,6,99.68804631151403,
"Nu: 0.7, Gamma: 0.99",95245,28,248,6,99.71107644959017,
"Nu: 0.9, Gamma: 0.05",70561,34,24932,0,73.8649805814063,
"Nu: 0.9, Gamma: 0.0625",72037,28,23456,6,75.41637442817213,
"Nu: 0.9, Gamma: 0.1",83307,34,12186,0,87.2078051231589,
"Nu: 0.9, Gamma: 0.2",91446,28,4047,6,95.73419033362296,
"Nu: 0.9, Gamma: 0.5",95198,28,295,6,99.66187570006385,
"Nu: 0.9, Gamma: 0.7",95244,28,249,6,99.71002962513215,
"Nu: 0.9, Gamma: 0.9",95489,34,4,0,99.96022067059575,
"Nu: 0.9, Gamma: 0.99",95471,34,22,0,99.94137783035163,
"Nu: 0.99, Gamma: 0.05",95245,28,248,6,99.71107644959017,
"Nu: 0.99, Gamma: 0.0625",95493,34,0,0,99.96440796842776,
"Nu: 0.99, Gamma: 0.1",95493,34,0,0,99.96440796842776,
"Nu: 0.99, Gamma: 0.2",95245,28,248,6,99.71107644959017,
"Nu: 0.99, Gamma: 0.5",95493,34,0,0,99.96440796842776,
"Nu: 0.99, Gamma: 0.7",95493,34,0,0,99.96440796842776,
"Nu: 0.99, Gamma: 0.9",95493,34,0,0,99.96440796842776,
"Nu: 0.99, Gamma: 0.99",95493,34,0,0,99.96440796842776,
,,,,,,
