ToRouter0,ToRouter1,ToRouter2,ToRouter3,ToRouter4,ToRouter5,ToRouter6,ToRouter7,ToRouter8,ToRouter9,ToRouter10,ToRouter11,ToRouter12,ToRouter13,ToRouter14,ToRouter15,Applications (Label Classes)
1784,1220.0,1190.0,1245.0,1245.0,1263.0,1095.0,1140.0,1125.0,1115.0,1097.0,1481.0,4814.0,1355.0,1182.0,1410.0,raytrace
288,69.0,100.0,81.0,107.0,90.0,77.0,83.0,87.0,74.0,74.0,244.0,3970.0,155.0,97.0,95.0,raytrace
270,80.0,71.0,88.0,102.0,92.0,84.0,74.0,81.0,76.0,68.0,239.0,3565.0,140.0,81.0,90.0,raytrace
297,82.0,87.0,77.0,114.0,91.0,92.0,92.0,84.0,78.0,78.0,245.0,2820.0,161.0,82.0,73.0,raytrace
342,103.0,104.0,104.0,111.0,117.0,105.0,108.0,106.0,92.0,97.0,265.0,2913.0,182.0,105.0,97.0,raytrace
330,101.0,109.0,90.0,122.0,116.0,126.0,109.0,116.0,101.0,96.0,260.0,3226.0,182.0,99.0,91.0,raytrace
221,56.0,65.0,68.0,87.0,80.0,63.0,92.0,71.0,61.0,77.0,208.0,2835.0,150.0,76.0,76.0,raytrace
232,72.0,69.0,69.0,108.0,88.0,84.0,83.0,105.0,73.0,85.0,237.0,2806.0,165.0,86.0,72.0,raytrace
277,76.0,85.0,79.0,108.0,95.0,84.0,92.0,77.0,92.0,90.0,245.0,2823.0,169.0,91.0,94.0,raytrace
269,63.0,75.0,71.0,88.0,91.0,78.0,76.0,81.0,64.0,88.0,229.0,2765.0,164.0,86.0,84.0,raytrace
263,78.0,86.0,81.0,109.0,95.0,88.0,86.0,86.0,78.0,79.0,250.0,3697.0,161.0,106.0,95.0,raytrace
486,86.0,90.0,83.0,107.0,104.0,86.0,94.0,96.0,81.0,80.0,244.0,2607.0,198.0,102.0,84.0,raytrace
404,236.0,208.0,199.0,233.0,229.0,249.0,251.0,222.0,206.0,202.0,442.0,2769.0,390.0,195.0,254.0,raytrace
370,95.0,97.0,89.0,111.0,102.0,101.0,99.0,100.0,92.0,112.0,289.0,2935.0,171.0,146.0,114.0,raytrace
270,104.0,131.0,112.0,120.0,117.0,110.0,106.0,116.0,99.0,99.0,236.0,2742.0,209.0,111.0,142.0,raytrace
490,127.0,127.0,119.0,123.0,133.0,131.0,124.0,123.0,119.0,106.0,330.0,3223.0,243.0,157.0,118.0,raytrace
2965,1637.0,1512.0,1528.0,1546.0,1649.0,1429.0,1523.0,1531.0,1507.0,1401.0,2174.0,1499.0,2288.0,1585.0,1531.0,raytrace
1489,12.0,16.0,13.0,14.0,14.0,10.0,17.0,13.0,12.0,7.0,713.0,12.0,768.0,13.0,14.0,raytrace
1394,8.0,12.0,10.0,10.0,9.0,9.0,15.0,12.0,9.0,9.0,688.0,7.0,654.0,13.0,14.0,raytrace
1404,11.0,15.0,13.0,19.0,10.0,11.0,17.0,11.0,11.0,8.0,649.0,10.0,692.0,11.0,11.0,raytrace
1451,17.0,21.0,10.0,13.0,14.0,11.0,14.0,13.0,11.0,11.0,706.0,12.0,711.0,13.0,16.0,raytrace
1448,15.0,19.0,13.0,13.0,12.0,12.0,18.0,16.0,14.0,12.0,714.0,14.0,732.0,14.0,16.0,raytrace
1349,10.0,15.0,11.0,10.0,10.0,9.0,13.0,12.0,12.0,7.0,750.0,8.0,679.0,12.0,10.0,raytrace
1446,11.0,12.0,10.0,11.0,10.0,9.0,14.0,15.0,12.0,8.0,725.0,10.0,713.0,13.0,12.0,raytrace
1436,10.0,13.0,11.0,10.0,11.0,8.0,13.0,13.0,10.0,8.0,654.0,9.0,760.0,12.0,12.0,raytrace
1368,14.0,13.0,9.0,14.0,13.0,10.0,16.0,12.0,13.0,6.0,674.0,12.0,712.0,13.0,12.0,raytrace
1377,11.0,13.0,10.0,11.0,12.0,8.0,15.0,12.0,12.0,5.0,701.0,9.0,668.0,11.0,13.0,raytrace
1378,17.0,24.0,22.0,25.0,21.0,22.0,24.0,20.0,34.0,18.0,723.0,19.0,662.0,19.0,18.0,raytrace
1453,25.0,28.0,25.0,16.0,24.0,26.0,25.0,27.0,31.0,14.0,784.0,19.0,717.0,25.0,23.0,raytrace
1416,16.0,21.0,17.0,16.0,18.0,12.0,21.0,16.0,18.0,14.0,738.0,18.0,714.0,17.0,16.0,raytrace
1398,16.0,16.0,15.0,18.0,14.0,14.0,20.0,18.0,16.0,15.0,756.0,15.0,669.0,26.0,28.0,raytrace
1402,14.0,17.0,13.0,12.0,14.0,12.0,17.0,15.0,14.0,9.0,704.0,14.0,672.0,15.0,14.0,raytrace
2794,1462.0,1411.0,1458.0,1475.0,1522.0,1366.0,1395.0,1367.0,1363.0,1348.0,2163.0,1462.0,2350.0,1536.0,1492.0,raytrace
1273,13.0,13.0,13.0,16.0,16.0,11.0,12.0,18.0,11.0,12.0,737.0,16.0,755.0,18.0,13.0,raytrace
1206,13.0,9.0,15.0,10.0,14.0,10.0,8.0,13.0,11.0,8.0,685.0,14.0,714.0,15.0,11.0,raytrace
1237,15.0,13.0,14.0,9.0,12.0,10.0,9.0,17.0,12.0,9.0,702.0,16.0,689.0,16.0,14.0,raytrace
1239,10.0,9.0,19.0,11.0,13.0,11.0,13.0,14.0,11.0,10.0,737.0,15.0,729.0,15.0,10.0,raytrace
1307,11.0,11.0,13.0,12.0,13.0,9.0,9.0,17.0,11.0,11.0,710.0,15.0,758.0,17.0,12.0,raytrace
1204,10.0,8.0,15.0,10.0,12.0,6.0,8.0,11.0,8.0,7.0,762.0,14.0,753.0,11.0,8.0,raytrace
1269,12.0,11.0,13.0,11.0,13.0,8.0,11.0,14.0,12.0,9.0,687.0,15.0,763.0,16.0,11.0,raytrace
1218,10.0,9.0,11.0,13.0,11.0,7.0,10.0,11.0,9.0,10.0,673.0,16.0,766.0,15.0,9.0,raytrace
1196,9.0,9.0,13.0,12.0,15.0,10.0,7.0,15.0,7.0,7.0,667.0,14.0,796.0,15.0,11.0,raytrace
1182,9.0,7.0,10.0,8.0,11.0,8.0,8.0,14.0,8.0,7.0,700.0,13.0,774.0,12.0,10.0,raytrace
1288,22.0,21.0,23.0,22.0,17.0,18.0,21.0,15.0,15.0,16.0,762.0,24.0,838.0,24.0,22.0,raytrace
1315,20.0,20.0,17.0,19.0,21.0,16.0,19.0,23.0,16.0,16.0,757.0,27.0,811.0,23.0,22.0,raytrace
1289,18.0,20.0,20.0,16.0,11.0,18.0,13.0,16.0,15.0,17.0,775.0,25.0,781.0,21.0,17.0,raytrace
1310,14.0,12.0,13.0,17.0,12.0,10.0,10.0,16.0,10.0,10.0,789.0,17.0,743.0,22.0,15.0,raytrace
1322,14.0,11.0,14.0,10.0,12.0,10.0,10.0,16.0,10.0,10.0,713.0,16.0,764.0,15.0,13.0,raytrace
2501,1298.0,1194.0,1247.0,1179.0,1229.0,1131.0,1185.0,1265.0,1244.0,1137.0,2013.0,1253.0,1920.0,1326.0,1249.0,raytrace
1269,20.0,8.0,20.0,13.0,12.0,8.0,10.0,14.0,12.0,12.0,660.0,19.0,531.0,29.0,23.0,raytrace
1218,24.0,3.0,11.0,9.0,8.0,5.0,7.0,8.0,4.0,3.0,631.0,8.0,528.0,9.0,9.0,raytrace
1247,23.0,7.0,15.0,12.0,11.0,8.0,8.0,9.0,8.0,7.0,636.0,10.0,504.0,9.0,7.0,raytrace
1147,50.0,4.0,8.0,8.0,7.0,6.0,6.0,11.0,7.0,5.0,586.0,10.0,473.0,7.0,8.0,raytrace
1188,24.0,5.0,12.0,9.0,10.0,8.0,8.0,10.0,10.0,6.0,627.0,9.0,532.0,9.0,8.0,raytrace
1170,24.0,3.0,10.0,7.0,8.0,3.0,5.0,8.0,5.0,4.0,616.0,5.0,512.0,7.0,6.0,raytrace
1225,19.0,3.0,11.0,6.0,8.0,6.0,6.0,9.0,5.0,3.0,604.0,7.0,542.0,7.0,7.0,raytrace
1241,22.0,4.0,13.0,10.0,11.0,6.0,7.0,10.0,8.0,5.0,615.0,8.0,525.0,8.0,8.0,raytrace
1264,21.0,6.0,15.0,8.0,10.0,7.0,8.0,9.0,9.0,5.0,644.0,9.0,520.0,11.0,8.0,raytrace
1188,22.0,3.0,10.0,6.0,7.0,4.0,2.0,8.0,6.0,2.0,623.0,6.0,494.0,8.0,4.0,raytrace
1224,19.0,5.0,13.0,15.0,10.0,6.0,10.0,16.0,10.0,10.0,672.0,16.0,542.0,14.0,6.0,raytrace
1268,46.0,5.0,13.0,12.0,12.0,8.0,12.0,17.0,12.0,9.0,708.0,12.0,540.0,11.0,9.0,raytrace
1330,32.0,11.0,21.0,21.0,17.0,16.0,17.0,22.0,17.0,16.0,732.0,22.0,538.0,20.0,14.0,raytrace
1298,78.0,8.0,15.0,10.0,16.0,10.0,12.0,13.0,12.0,8.0,697.0,10.0,538.0,15.0,10.0,raytrace
1245,44.0,6.0,15.0,9.0,10.0,7.0,8.0,12.0,9.0,6.0,690.0,9.0,541.0,11.0,8.0,raytrace
3056,1521.0,1391.0,1467.0,1492.0,1532.0,1394.0,1403.0,1416.0,1483.0,1446.0,2244.0,1572.0,2280.0,1502.0,1505.0,raytrace
1391,10.0,11.0,9.0,18.0,41.0,11.0,11.0,9.0,12.0,10.0,652.0,13.0,704.0,22.0,11.0,raytrace
1344,4.0,2.0,6.0,8.0,22.0,3.0,6.0,6.0,8.0,3.0,624.0,7.0,661.0,9.0,6.0,raytrace
1422,10.0,6.0,7.0,9.0,22.0,7.0,10.0,10.0,9.0,6.0,672.0,12.0,638.0,12.0,9.0,raytrace
1450,5.0,5.0,7.0,12.0,47.0,5.0,7.0,8.0,8.0,5.0,673.0,7.0,631.0,10.0,7.0,raytrace
1383,10.0,7.0,10.0,10.0,20.0,13.0,12.0,10.0,13.0,8.0,681.0,14.0,646.0,21.0,18.0,raytrace
1333,5.0,4.0,5.0,8.0,17.0,6.0,7.0,8.0,8.0,4.0,679.0,9.0,729.0,10.0,9.0,raytrace
1390,6.0,4.0,5.0,11.0,20.0,4.0,6.0,7.0,7.0,4.0,694.0,6.0,686.0,9.0,8.0,raytrace
1405,9.0,4.0,4.0,8.0,18.0,5.0,6.0,7.0,8.0,3.0,662.0,7.0,692.0,10.0,8.0,raytrace
1448,7.0,5.0,4.0,11.0,19.0,4.0,6.0,7.0,7.0,4.0,743.0,8.0,676.0,9.0,8.0,raytrace
1431,4.0,2.0,4.0,7.0,17.0,4.0,5.0,6.0,6.0,3.0,690.0,5.0,673.0,7.0,6.0,raytrace
1517,9.0,8.0,5.0,16.0,21.0,12.0,12.0,13.0,11.0,9.0,759.0,13.0,693.0,8.0,9.0,raytrace
1535,10.0,7.0,6.0,14.0,39.0,8.0,11.0,8.0,8.0,7.0,710.0,10.0,777.0,11.0,9.0,raytrace
1494,15.0,11.0,11.0,17.0,24.0,13.0,10.0,12.0,11.0,10.0,655.0,13.0,669.0,10.0,10.0,raytrace
1489,12.0,8.0,8.0,15.0,66.0,7.0,11.0,11.0,10.0,7.0,606.0,10.0,647.0,13.0,11.0,raytrace
1493,10.0,8.0,6.0,10.0,34.0,7.0,10.0,9.0,9.0,6.0,660.0,10.0,660.0,12.0,10.0,raytrace
8354,5322.0,5481.0,5598.0,5322.0,5555.0,5375.0,5567.0,5295.0,5061.0,5177.0,5414.0,4946.0,5719.0,5762.0,5504.0,raytrace
3138,250.0,657.0,561.0,382.0,488.0,525.0,592.0,557.0,901.0,287.0,779.0,49.0,728.0,484.0,414.0,raytrace
3087,227.0,562.0,678.0,313.0,483.0,455.0,472.0,552.0,175.0,195.0,712.0,18.0,742.0,469.0,228.0,raytrace
3203,231.0,552.0,572.0,375.0,520.0,551.0,497.0,537.0,174.0,207.0,739.0,19.0,785.0,500.0,242.0,raytrace
3153,261.0,570.0,565.0,346.0,573.0,522.0,569.0,501.0,195.0,243.0,735.0,29.0,723.0,564.0,308.0,raytrace
3177,253.0,514.0,599.0,374.0,533.0,594.0,537.0,519.0,202.0,247.0,778.0,22.0,728.0,533.0,286.0,raytrace
3105,193.0,511.0,592.0,317.0,538.0,476.0,480.0,505.0,147.0,198.0,729.0,14.0,771.0,511.0,207.0,raytrace
3077,292.0,529.0,551.0,387.0,563.0,503.0,424.0,548.0,223.0,256.0,738.0,20.0,763.0,515.0,278.0,raytrace
3001,187.0,574.0,584.0,326.0,503.0,504.0,449.0,517.0,179.0,192.0,729.0,15.0,708.0,467.0,228.0,raytrace
3012,311.0,570.0,577.0,360.0,472.0,491.0,501.0,559.0,173.0,252.0,706.0,33.0,787.0,454.0,916.0,raytrace
3108,253.0,559.0,595.0,359.0,494.0,504.0,445.0,568.0,188.0,180.0,752.0,29.0,767.0,494.0,263.0,raytrace
3016,212.0,550.0,579.0,359.0,463.0,516.0,426.0,595.0,168.0,220.0,740.0,17.0,713.0,509.0,232.0,raytrace
3145,242.0,603.0,624.0,421.0,531.0,559.0,487.0,545.0,226.0,262.0,699.0,15.0,791.0,505.0,291.0,raytrace
3220,273.0,632.0,558.0,404.0,580.0,590.0,504.0,553.0,194.0,262.0,682.0,29.0,761.0,651.0,302.0,raytrace
3278,290.0,605.0,617.0,414.0,596.0,553.0,492.0,580.0,235.0,280.0,727.0,30.0,744.0,533.0,364.0,raytrace
3244,1068.0,610.0,621.0,480.0,577.0,560.0,694.0,590.0,418.0,347.0,740.0,36.0,740.0,607.0,347.0,raytrace
7360,4518.0,5126.0,5178.0,5004.0,5033.0,5018.0,4363.0,5036.0,4360.0,4337.0,4946.0,4477.0,5215.0,5028.0,4457.0,raytrace
2996,46.0,781.0,684.0,635.0,692.0,642.0,44.0,738.0,39.0,41.0,472.0,34.0,787.0,557.0,52.0,raytrace
2859,31.0,799.0,658.0,561.0,609.0,619.0,23.0,742.0,30.0,26.0,463.0,28.0,724.0,549.0,45.0,raytrace
2887,32.0,787.0,705.0,523.0,640.0,654.0,31.0,743.0,28.0,33.0,410.0,28.0,774.0,606.0,38.0,raytrace
2936,35.0,809.0,703.0,558.0,674.0,729.0,43.0,707.0,32.0,33.0,451.0,34.0,749.0,618.0,52.0,raytrace
2934,39.0,744.0,702.0,599.0,586.0,760.0,41.0,671.0,33.0,37.0,407.0,35.0,730.0,639.0,51.0,raytrace
2855,30.0,758.0,813.0,570.0,726.0,736.0,32.0,844.0,26.0,33.0,411.0,30.0,807.0,579.0,41.0,raytrace
2842,37.0,766.0,786.0,617.0,698.0,782.0,35.0,770.0,29.0,31.0,421.0,37.0,756.0,591.0,45.0,raytrace
2847,36.0,843.0,707.0,566.0,604.0,687.0,34.0,728.0,32.0,33.0,417.0,28.0,711.0,531.0,36.0,raytrace
2859,44.0,804.0,736.0,567.0,639.0,728.0,39.0,779.0,44.0,45.0,436.0,28.0,742.0,617.0,48.0,raytrace
2931,40.0,760.0,715.0,574.0,738.0,688.0,38.0,809.0,34.0,40.0,386.0,29.0,696.0,570.0,46.0,raytrace
2871,24.0,763.0,731.0,547.0,726.0,723.0,22.0,714.0,23.0,28.0,451.0,26.0,737.0,617.0,37.0,raytrace
2970,18.0,767.0,685.0,550.0,754.0,688.0,18.0,811.0,19.0,18.0,513.0,17.0,812.0,616.0,29.0,raytrace
2957,43.0,729.0,685.0,620.0,753.0,742.0,45.0,743.0,46.0,54.0,454.0,39.0,785.0,643.0,55.0,raytrace
2976,29.0,709.0,727.0,658.0,671.0,694.0,29.0,797.0,28.0,29.0,498.0,27.0,733.0,571.0,38.0,raytrace
2932,40.0,768.0,794.0,644.0,731.0,675.0,43.0,787.0,44.0,47.0,525.0,33.0,781.0,587.0,53.0,raytrace
5987,3469.0,4094.0,4071.0,3459.0,4177.0,4091.0,3322.0,4050.0,3426.0,3319.0,3460.0,3425.0,4189.0,4201.0,3528.0,raytrace
2406,30.0,701.0,562.0,40.0,595.0,745.0,26.0,646.0,28.0,32.0,56.0,33.0,762.0,521.0,33.0,raytrace
2350,20.0,684.0,564.0,33.0,579.0,711.0,19.0,686.0,15.0,20.0,44.0,24.0,734.0,553.0,30.0,raytrace
2401,22.0,686.0,514.0,35.0,628.0,686.0,21.0,747.0,19.0,20.0,43.0,21.0,717.0,549.0,31.0,raytrace
2405,29.0,703.0,467.0,42.0,621.0,746.0,24.0,774.0,25.0,35.0,64.0,29.0,745.0,555.0,36.0,raytrace
2487,27.0,750.0,538.0,39.0,615.0,813.0,29.0,731.0,26.0,32.0,52.0,29.0,724.0,558.0,43.0,raytrace
2375,18.0,699.0,515.0,31.0,686.0,752.0,23.0,700.0,21.0,30.0,46.0,28.0,774.0,517.0,26.0,raytrace
2345,30.0,759.0,513.0,33.0,695.0,707.0,27.0,741.0,21.0,31.0,48.0,31.0,722.0,578.0,34.0,raytrace
2325,22.0,730.0,518.0,30.0,593.0,724.0,17.0,670.0,16.0,26.0,47.0,23.0,751.0,570.0,30.0,raytrace
2450,24.0,716.0,527.0,44.0,677.0,728.0,27.0,712.0,18.0,30.0,53.0,34.0,768.0,548.0,28.0,raytrace
2321,22.0,735.0,591.0,31.0,599.0,678.0,23.0,731.0,17.0,26.0,56.0,25.0,721.0,552.0,23.0,raytrace
2403,24.0,705.0,564.0,37.0,646.0,676.0,26.0,712.0,18.0,22.0,30.0,30.0,740.0,554.0,30.0,raytrace
2417,12.0,711.0,549.0,19.0,676.0,724.0,11.0,688.0,16.0,11.0,29.0,14.0,709.0,587.0,12.0,raytrace
2442,22.0,706.0,518.0,26.0,651.0,750.0,18.0,705.0,20.0,23.0,36.0,22.0,722.0,596.0,27.0,raytrace
2524,23.0,691.0,548.0,31.0,651.0,713.0,24.0,736.0,20.0,26.0,65.0,25.0,727.0,584.0,31.0,raytrace
2518,32.0,723.0,556.0,39.0,610.0,741.0,31.0,737.0,22.0,28.0,72.0,31.0,724.0,627.0,29.0,raytrace
3416,1832.0,2244.0,1872.0,1770.0,2416.0,2381.0,1796.0,2086.0,1745.0,1742.0,1823.0,1784.0,2001.0,1892.0,1767.0,raytrace
1567,10.0,413.0,30.0,16.0,691.0,671.0,16.0,290.0,17.0,12.0,12.0,12.0,160.0,31.0,15.0,raytrace
1537,10.0,368.0,18.0,6.0,701.0,680.0,7.0,281.0,15.0,8.0,10.0,12.0,163.0,24.0,13.0,raytrace
1553,11.0,403.0,29.0,11.0,746.0,624.0,14.0,297.0,14.0,14.0,15.0,15.0,155.0,31.0,10.0,raytrace
1469,9.0,383.0,32.0,17.0,697.0,649.0,15.0,286.0,16.0,17.0,15.0,23.0,170.0,32.0,19.0,raytrace
1406,15.0,425.0,32.0,19.0,707.0,721.0,22.0,277.0,18.0,19.0,28.0,22.0,191.0,38.0,21.0,raytrace
1463,10.0,426.0,19.0,15.0,773.0,659.0,14.0,295.0,13.0,13.0,13.0,15.0,163.0,30.0,14.0,raytrace
1526,10.0,440.0,19.0,13.0,719.0,687.0,16.0,278.0,17.0,12.0,14.0,12.0,171.0,24.0,14.0,raytrace
1426,11.0,459.0,24.0,13.0,712.0,597.0,11.0,288.0,15.0,8.0,10.0,12.0,166.0,30.0,16.0,raytrace
1512,10.0,407.0,27.0,10.0,706.0,665.0,11.0,343.0,9.0,8.0,9.0,9.0,165.0,28.0,13.0,raytrace
1516,7.0,376.0,23.0,9.0,686.0,639.0,10.0,340.0,11.0,7.0,8.0,9.0,156.0,27.0,12.0,raytrace
1568,18.0,422.0,19.0,14.0,729.0,691.0,15.0,306.0,15.0,15.0,13.0,20.0,156.0,32.0,19.0,raytrace
1534,7.0,425.0,12.0,4.0,759.0,701.0,5.0,256.0,6.0,5.0,4.0,6.0,181.0,16.0,7.0,raytrace
1514,12.0,433.0,24.0,11.0,771.0,634.0,8.0,342.0,10.0,12.0,9.0,15.0,164.0,33.0,15.0,raytrace
1498,15.0,427.0,28.0,15.0,781.0,658.0,18.0,313.0,14.0,13.0,14.0,19.0,219.0,41.0,14.0,raytrace
1553,12.0,375.0,26.0,10.0,690.0,629.0,11.0,331.0,11.0,10.0,10.0,12.0,183.0,30.0,15.0,raytrace
7955,3241.0,2858.0,3026.0,2973.0,3502.0,3344.0,2873.0,2991.0,2908.0,2887.0,2760.0,3462.0,2902.0,3064.0,2995.0,raytrace
1544,313.0,119.0,243.0,168.0,592.0,553.0,184.0,206.0,161.0,153.0,145.0,622.0,107.0,202.0,111.0,raytrace
1487,333.0,97.0,250.0,125.0,603.0,514.0,183.0,180.0,144.0,156.0,123.0,528.0,99.0,176.0,98.0,raytrace
1538,360.0,123.0,240.0,146.0,584.0,515.0,188.0,205.0,168.0,149.0,150.0,480.0,117.0,176.0,111.0,raytrace
1562,372.0,124.0,237.0,164.0,624.0,556.0,193.0,258.0,165.0,174.0,157.0,608.0,122.0,199.0,126.0,raytrace
1591,386.0,124.0,239.0,160.0,609.0,527.0,186.0,231.0,182.0,165.0,154.0,640.0,124.0,218.0,126.0,raytrace
1488,321.0,117.0,242.0,139.0,674.0,511.0,161.0,210.0,171.0,155.0,146.0,491.0,104.0,198.0,110.0,raytrace
1472,316.0,111.0,232.0,163.0,601.0,544.0,158.0,237.0,152.0,167.0,140.0,393.0,103.0,188.0,114.0,raytrace
1512,347.0,129.0,239.0,170.0,594.0,561.0,250.0,195.0,159.0,171.0,143.0,462.0,120.0,215.0,119.0,raytrace
1489,281.0,113.0,223.0,145.0,581.0,491.0,165.0,224.0,138.0,155.0,119.0,431.0,101.0,176.0,100.0,raytrace
1472,296.0,109.0,228.0,153.0,605.0,498.0,170.0,218.0,161.0,145.0,127.0,444.0,105.0,180.0,118.0,raytrace
1426,292.0,103.0,226.0,148.0,605.0,505.0,185.0,177.0,145.0,175.0,118.0,396.0,101.0,175.0,104.0,raytrace
1560,565.0,146.0,242.0,213.0,660.0,636.0,203.0,231.0,197.0,194.0,143.0,489.0,161.0,242.0,168.0,raytrace
1543,273.0,128.0,216.0,160.0,611.0,556.0,188.0,232.0,167.0,157.0,130.0,506.0,117.0,237.0,126.0,raytrace
1561,278.0,124.0,190.0,165.0,616.0,557.0,185.0,238.0,158.0,219.0,148.0,477.0,116.0,183.0,160.0,raytrace
1583,296.0,123.0,220.0,160.0,637.0,561.0,179.0,229.0,169.0,211.0,170.0,524.0,122.0,213.0,127.0,raytrace
11560,8023.0,7977.0,7983.0,7736.0,7814.0,7739.0,7930.0,7963.0,8121.0,8113.0,8002.0,8025.0,8055.0,8274.0,7774.0,raytrace
4288,716.0,739.0,715.0,579.0,687.0,670.0,604.0,719.0,663.0,770.0,539.0,706.0,719.0,832.0,495.0,raytrace
4251,676.0,696.0,687.0,492.0,697.0,643.0,620.0,711.0,661.0,677.0,526.0,629.0,698.0,754.0,465.0,raytrace
4294,638.0,706.0,686.0,500.0,687.0,711.0,624.0,697.0,671.0,636.0,490.0,581.0,717.0,708.0,433.0,raytrace
4275,621.0,632.0,713.0,546.0,645.0,705.0,629.0,735.0,724.0,655.0,633.0,617.0,741.0,765.0,498.0,raytrace
4239,724.0,714.0,736.0,591.0,657.0,695.0,637.0,735.0,647.0,658.0,532.0,645.0,716.0,727.0,485.0,raytrace
4197,708.0,681.0,776.0,586.0,643.0,703.0,628.0,725.0,682.0,680.0,536.0,646.0,740.0,720.0,473.0,raytrace
4343,697.0,690.0,728.0,580.0,680.0,709.0,645.0,710.0,676.0,699.0,546.0,668.0,805.0,695.0,485.0,raytrace
4287,709.0,719.0,672.0,596.0,630.0,649.0,654.0,707.0,665.0,659.0,594.0,633.0,788.0,698.0,433.0,raytrace
4397,706.0,737.0,653.0,566.0,571.0,647.0,696.0,735.0,710.0,675.0,594.0,691.0,787.0,693.0,482.0,raytrace
4286,701.0,700.0,682.0,593.0,615.0,715.0,648.0,787.0,705.0,684.0,580.0,666.0,799.0,655.0,428.0,raytrace
4320,710.0,659.0,721.0,608.0,638.0,642.0,603.0,680.0,723.0,713.0,575.0,741.0,831.0,721.0,451.0,raytrace
4345,804.0,804.0,811.0,754.0,699.0,739.0,694.0,787.0,817.0,797.0,646.0,727.0,897.0,838.0,535.0,raytrace
4292,697.0,722.0,721.0,541.0,684.0,660.0,607.0,674.0,690.0,702.0,512.0,703.0,745.0,722.0,442.0,raytrace
4402,776.0,676.0,724.0,609.0,669.0,696.0,627.0,741.0,611.0,749.0,530.0,684.0,704.0,734.0,461.0,raytrace
4307,709.0,756.0,688.0,564.0,711.0,656.0,636.0,721.0,673.0,719.0,590.0,700.0,695.0,746.0,498.0,raytrace
1611,786.0,739.0,784.0,770.0,756.0,712.0,753.0,755.0,718.0,726.0,1698.0,773.0,1698.0,803.0,760.0,raytrace
680,12.0,14.0,13.0,19.0,12.0,12.0,14.0,14.0,13.0,18.0,631.0,24.0,686.0,17.0,21.0,raytrace
637,10.0,6.0,6.0,12.0,8.0,6.0,6.0,11.0,4.0,14.0,672.0,21.0,664.0,15.0,18.0,raytrace
635,12.0,9.0,8.0,12.0,11.0,6.0,7.0,7.0,6.0,12.0,641.0,20.0,640.0,16.0,18.0,raytrace
659,14.0,11.0,15.0,13.0,13.0,12.0,11.0,10.0,15.0,33.0,659.0,38.0,603.0,23.0,38.0,raytrace
730,11.0,8.0,13.0,15.0,9.0,6.0,10.0,10.0,9.0,12.0,613.0,19.0,653.0,21.0,20.0,raytrace
628,7.0,7.0,6.0,10.0,7.0,3.0,6.0,7.0,4.0,12.0,615.0,14.0,631.0,19.0,14.0,raytrace
705,6.0,11.0,9.0,10.0,9.0,8.0,8.0,8.0,5.0,14.0,615.0,16.0,628.0,19.0,15.0,raytrace
615,13.0,14.0,13.0,20.0,12.0,9.0,14.0,12.0,11.0,17.0,596.0,28.0,680.0,19.0,18.0,raytrace
653,10.0,9.0,8.0,20.0,12.0,7.0,10.0,9.0,9.0,12.0,565.0,28.0,649.0,24.0,17.0,raytrace
590,11.0,11.0,10.0,20.0,10.0,8.0,9.0,10.0,10.0,10.0,650.0,41.0,688.0,32.0,20.0,raytrace
719,15.0,7.0,6.0,8.0,3.0,4.0,6.0,6.0,5.0,4.0,650.0,16.0,723.0,6.0,13.0,raytrace
650,11.0,9.0,9.0,25.0,10.0,10.0,9.0,9.0,10.0,31.0,748.0,35.0,650.0,31.0,42.0,raytrace
752,23.0,16.0,16.0,13.0,14.0,12.0,11.0,13.0,12.0,16.0,794.0,23.0,651.0,17.0,25.0,raytrace
641,13.0,8.0,10.0,12.0,8.0,10.0,9.0,11.0,9.0,43.0,629.0,45.0,629.0,15.0,46.0,raytrace
664,10.0,9.0,11.0,13.0,15.0,9.0,10.0,7.0,10.0,23.0,717.0,44.0,751.0,16.0,41.0,raytrace
12083,8384.0,8430.0,8248.0,8087.0,8085.0,8222.0,8240.0,8107.0,8034.0,7905.0,8229.0,8045.0,8350.0,8261.0,8412.0,raytrace
4507,700.0,754.0,798.0,610.0,696.0,697.0,640.0,763.0,730.0,514.0,708.0,516.0,725.0,756.0,853.0,raytrace
4519,644.0,750.0,719.0,579.0,703.0,637.0,593.0,739.0,716.0,458.0,698.0,524.0,749.0,713.0,750.0,raytrace
4364,616.0,756.0,664.0,602.0,693.0,583.0,598.0,745.0,655.0,478.0,703.0,518.0,715.0,655.0,748.0,raytrace
4437,662.0,732.0,732.0,549.0,740.0,618.0,601.0,722.0,683.0,484.0,770.0,558.0,797.0,699.0,761.0,raytrace
4359,661.0,717.0,674.0,533.0,669.0,630.0,595.0,760.0,677.0,454.0,747.0,527.0,791.0,713.0,733.0,raytrace
4456,667.0,797.0,770.0,536.0,642.0,653.0,634.0,788.0,737.0,470.0,774.0,557.0,808.0,743.0,786.0,raytrace
4500,697.0,813.0,768.0,580.0,643.0,629.0,655.0,742.0,733.0,468.0,774.0,496.0,822.0,740.0,778.0,raytrace
4311,652.0,817.0,698.0,582.0,633.0,597.0,619.0,762.0,718.0,509.0,768.0,482.0,682.0,640.0,784.0,raytrace
4264,663.0,720.0,734.0,575.0,664.0,573.0,590.0,737.0,721.0,514.0,781.0,518.0,734.0,648.0,761.0,raytrace
4392,638.0,717.0,700.0,572.0,666.0,604.0,616.0,821.0,657.0,504.0,743.0,502.0,754.0,654.0,784.0,raytrace
4417,632.0,777.0,671.0,557.0,668.0,619.0,590.0,810.0,754.0,500.0,772.0,499.0,754.0,713.0,707.0,raytrace
4513,621.0,796.0,835.0,693.0,723.0,694.0,715.0,827.0,781.0,581.0,809.0,586.0,739.0,820.0,816.0,raytrace
4473,648.0,737.0,752.0,542.0,712.0,610.0,573.0,702.0,689.0,511.0,726.0,561.0,736.0,740.0,744.0,raytrace
4464,628.0,803.0,782.0,534.0,723.0,531.0,597.0,768.0,678.0,484.0,765.0,522.0,724.0,692.0,760.0,raytrace
4516,661.0,795.0,739.0,573.0,723.0,599.0,625.0,799.0,775.0,482.0,703.0,517.0,745.0,693.0,784.0,raytrace
11855,8186.0,7945.0,8015.0,8244.0,8187.0,8090.0,8169.0,8125.0,8155.0,7999.0,8111.0,8224.0,8127.0,8293.0,8333.0,raytrace
4309,649.0,717.0,590.0,632.0,677.0,601.0,668.0,634.0,703.0,689.0,625.0,736.0,699.0,736.0,745.0,raytrace
4219,631.0,674.0,498.0,610.0,672.0,564.0,646.0,582.0,680.0,635.0,610.0,657.0,683.0,675.0,738.0,raytrace
4321,706.0,667.0,515.0,645.0,681.0,587.0,641.0,624.0,627.0,636.0,667.0,680.0,691.0,686.0,687.0,raytrace
4433,706.0,709.0,592.0,618.0,725.0,610.0,698.0,642.0,645.0,710.0,774.0,718.0,681.0,752.0,717.0,raytrace
4392,682.0,714.0,586.0,613.0,667.0,654.0,673.0,614.0,631.0,710.0,648.0,652.0,695.0,726.0,701.0,raytrace
4407,699.0,727.0,550.0,612.0,681.0,642.0,681.0,668.0,709.0,689.0,669.0,769.0,673.0,778.0,682.0,raytrace
4343,739.0,694.0,567.0,686.0,628.0,640.0,676.0,737.0,741.0,694.0,694.0,720.0,686.0,736.0,721.0,raytrace
4330,638.0,700.0,535.0,666.0,682.0,640.0,654.0,661.0,622.0,723.0,617.0,700.0,732.0,694.0,775.0,raytrace
4402,685.0,752.0,503.0,667.0,668.0,671.0,718.0,731.0,684.0,684.0,655.0,693.0,670.0,664.0,779.0,raytrace
4269,611.0,688.0,494.0,689.0,738.0,609.0,663.0,734.0,659.0,640.0,637.0,700.0,764.0,670.0,762.0,raytrace
4337,611.0,747.0,562.0,671.0,698.0,667.0,632.0,756.0,642.0,684.0,646.0,734.0,676.0,698.0,657.0,raytrace
4404,721.0,736.0,562.0,717.0,716.0,692.0,669.0,760.0,643.0,706.0,725.0,745.0,705.0,778.0,697.0,raytrace
4370,640.0,691.0,520.0,643.0,754.0,631.0,673.0,669.0,616.0,734.0,741.0,672.0,665.0,728.0,666.0,raytrace
4402,642.0,648.0,512.0,685.0,765.0,655.0,689.0,738.0,666.0,662.0,742.0,704.0,683.0,712.0,681.0,raytrace
4430,761.0,683.0,554.0,619.0,816.0,655.0,658.0,693.0,707.0,715.0,722.0,759.0,686.0,735.0,703.0,raytrace
8759,5960.0,5501.0,5550.0,5664.0,5929.0,5528.0,5871.0,5619.0,5423.0,5928.0,5694.0,5842.0,6065.0,6111.0,6038.0,raytrace
3326,615.0,339.0,225.0,400.0,574.0,284.0,642.0,389.0,294.0,632.0,519.0,525.0,691.0,643.0,798.0,raytrace
3203,617.0,312.0,216.0,397.0,535.0,295.0,653.0,390.0,269.0,578.0,496.0,503.0,635.0,638.0,673.0,raytrace
3301,690.0,313.0,241.0,395.0,548.0,271.0,556.0,384.0,1106.0,596.0,548.0,442.0,666.0,624.0,707.0,raytrace
3249,680.0,280.0,238.0,388.0,545.0,277.0,643.0,370.0,262.0,614.0,574.0,477.0,695.0,656.0,762.0,raytrace
3247,655.0,313.0,220.0,380.0,471.0,275.0,654.0,408.0,289.0,636.0,507.0,512.0,586.0,608.0,766.0,raytrace
3278,698.0,320.0,234.0,383.0,521.0,281.0,642.0,418.0,273.0,665.0,494.0,431.0,651.0,690.0,739.0,raytrace
3280,680.0,319.0,245.0,371.0,596.0,283.0,601.0,414.0,312.0,730.0,523.0,526.0,706.0,677.0,726.0,raytrace
3178,613.0,320.0,241.0,371.0,594.0,294.0,578.0,385.0,289.0,739.0,501.0,486.0,696.0,685.0,773.0,raytrace
3158,649.0,326.0,1113.0,325.0,522.0,307.0,612.0,405.0,257.0,705.0,540.0,504.0,610.0,721.0,760.0,raytrace
3293,640.0,315.0,244.0,393.0,589.0,262.0,633.0,440.0,244.0,677.0,529.0,554.0,724.0,692.0,727.0,raytrace
3251,631.0,307.0,200.0,355.0,579.0,233.0,653.0,403.0,240.0,687.0,570.0,485.0,652.0,636.0,758.0,raytrace
3336,583.0,338.0,255.0,403.0,675.0,293.0,696.0,424.0,345.0,756.0,528.0,474.0,730.0,674.0,761.0,raytrace
3297,639.0,308.0,249.0,411.0,586.0,264.0,682.0,426.0,299.0,703.0,579.0,536.0,676.0,718.0,756.0,raytrace
3308,633.0,311.0,269.0,404.0,725.0,289.0,658.0,429.0,308.0,682.0,576.0,526.0,653.0,661.0,748.0,raytrace
3299,727.0,332.0,260.0,401.0,591.0,307.0,683.0,449.0,336.0,705.0,536.0,507.0,664.0,681.0,758.0,raytrace
2694,1808.0,1618.0,1672.0,1620.0,1718.0,1571.0,1879.0,1567.0,1592.0,2192.0,2166.0,1528.0,2249.0,1624.0,1684.0,raytrace
958,177.0,32.0,31.0,24.0,127.0,25.0,180.0,16.0,25.0,667.0,562.0,31.0,618.0,28.0,83.0,raytrace
1008,188.0,23.0,48.0,22.0,144.0,25.0,162.0,19.0,18.0,747.0,556.0,39.0,564.0,35.0,100.0,raytrace
1012,181.0,31.0,25.0,27.0,134.0,39.0,156.0,18.0,19.0,665.0,617.0,39.0,646.0,32.0,95.0,raytrace
1004,181.0,43.0,43.0,18.0,138.0,44.0,163.0,19.0,18.0,647.0,560.0,42.0,636.0,25.0,92.0,raytrace
967,169.0,29.0,21.0,21.0,152.0,26.0,185.0,17.0,19.0,666.0,569.0,31.0,629.0,23.0,93.0,raytrace
962,186.0,18.0,20.0,17.0,112.0,17.0,184.0,14.0,14.0,689.0,546.0,41.0,663.0,26.0,80.0,raytrace
997,207.0,18.0,17.0,11.0,142.0,16.0,193.0,9.0,11.0,719.0,580.0,31.0,738.0,16.0,77.0,raytrace
966,203.0,28.0,26.0,22.0,168.0,21.0,182.0,21.0,20.0,625.0,569.0,37.0,630.0,28.0,95.0,raytrace
967,217.0,27.0,31.0,22.0,178.0,25.0,164.0,21.0,21.0,709.0,555.0,37.0,672.0,22.0,79.0,raytrace
934,240.0,26.0,26.0,21.0,153.0,25.0,173.0,18.0,24.0,690.0,601.0,40.0,712.0,22.0,66.0,raytrace
925,197.0,12.0,17.0,9.0,116.0,11.0,171.0,12.0,9.0,689.0,554.0,26.0,666.0,15.0,65.0,raytrace
915,173.0,35.0,36.0,20.0,153.0,37.0,196.0,14.0,17.0,698.0,560.0,49.0,678.0,31.0,96.0,raytrace
934,199.0,23.0,24.0,17.0,150.0,21.0,204.0,19.0,21.0,700.0,581.0,31.0,667.0,21.0,92.0,raytrace
987,199.0,61.0,61.0,20.0,150.0,56.0,176.0,16.0,17.0,667.0,639.0,63.0,595.0,24.0,108.0,raytrace
1003,229.0,48.0,43.0,21.0,161.0,44.0,179.0,15.0,20.0,661.0,642.0,49.0,664.0,28.0,99.0,raytrace
1449,919.0,854.0,927.0,915.0,902.0,801.0,870.0,859.0,835.0,1313.0,808.0,878.0,1597.0,934.0,878.0,raytrace
494,23.0,5.0,9.0,12.0,18.0,8.0,30.0,7.0,13.0,540.0,22.0,12.0,680.0,15.0,10.0,raytrace
459,20.0,5.0,10.0,8.0,10.0,4.0,23.0,7.0,12.0,525.0,16.0,5.0,721.0,13.0,6.0,raytrace
499,22.0,16.0,12.0,15.0,15.0,10.0,32.0,10.0,17.0,504.0,17.0,7.0,704.0,17.0,18.0,raytrace
494,24.0,7.0,5.0,12.0,16.0,7.0,45.0,8.0,26.0,531.0,22.0,8.0,698.0,10.0,10.0,raytrace
487,20.0,10.0,7.0,10.0,15.0,6.0,30.0,7.0,9.0,459.0,15.0,10.0,712.0,15.0,9.0,raytrace
430,19.0,6.0,10.0,10.0,10.0,4.0,21.0,5.0,9.0,481.0,13.0,4.0,686.0,12.0,9.0,raytrace
448,15.0,6.0,9.0,10.0,12.0,5.0,23.0,6.0,23.0,512.0,14.0,11.0,675.0,29.0,12.0,raytrace
462,21.0,5.0,7.0,6.0,18.0,10.0,30.0,8.0,8.0,540.0,21.0,7.0,691.0,11.0,9.0,raytrace
444,27.0,7.0,10.0,9.0,17.0,8.0,25.0,9.0,8.0,537.0,25.0,14.0,670.0,21.0,11.0,raytrace
426,21.0,10.0,10.0,6.0,19.0,8.0,21.0,6.0,14.0,492.0,18.0,10.0,751.0,13.0,10.0,raytrace
421,11.0,7.0,5.0,7.0,11.0,5.0,14.0,2.0,5.0,518.0,12.0,8.0,712.0,15.0,10.0,raytrace
494,17.0,5.0,7.0,12.0,8.0,5.0,35.0,4.0,27.0,553.0,13.0,8.0,745.0,20.0,11.0,raytrace
475,18.0,7.0,7.0,7.0,17.0,8.0,25.0,10.0,6.0,574.0,15.0,10.0,718.0,17.0,11.0,raytrace
513,22.0,8.0,10.0,8.0,14.0,5.0,59.0,8.0,44.0,489.0,16.0,8.0,657.0,14.0,12.0,raytrace
490,27.0,5.0,10.0,8.0,20.0,7.0,46.0,8.0,35.0,493.0,20.0,8.0,671.0,14.0,14.0,raytrace
4883,3206.0,3291.0,3285.0,3200.0,3289.0,3207.0,3269.0,3229.0,3218.0,3211.0,3124.0,3361.0,3771.0,3234.0,3159.0,raytrace
1670,154.0,305.0,177.0,241.0,265.0,269.0,271.0,239.0,188.0,251.0,243.0,328.0,613.0,162.0,133.0,raytrace
1648,137.0,284.0,196.0,238.0,222.0,291.0,310.0,197.0,180.0,250.0,236.0,347.0,614.0,140.0,109.0,raytrace
1698,164.0,285.0,210.0,261.0,231.0,265.0,317.0,219.0,198.0,272.0,262.0,288.0,622.0,165.0,127.0,raytrace
1636,152.0,281.0,200.0,252.0,210.0,277.0,300.0,209.0,191.0,261.0,267.0,386.0,624.0,164.0,135.0,raytrace
1678,150.0,305.0,228.0,258.0,217.0,280.0,278.0,218.0,202.0,234.0,251.0,395.0,675.0,154.0,128.0,raytrace
1607,134.0,310.0,188.0,267.0,200.0,262.0,304.0,217.0,189.0,241.0,245.0,341.0,638.0,149.0,120.0,raytrace
1634,156.0,298.0,205.0,240.0,207.0,296.0,288.0,249.0,186.0,269.0,229.0,306.0,633.0,157.0,123.0,raytrace
1656,159.0,313.0,212.0,263.0,198.0,281.0,276.0,242.0,194.0,356.0,254.0,338.0,661.0,150.0,128.0,raytrace
1666,148.0,284.0,204.0,251.0,217.0,274.0,259.0,248.0,184.0,287.0,217.0,306.0,680.0,167.0,117.0,raytrace
1626,145.0,304.0,208.0,245.0,180.0,243.0,278.0,270.0,194.0,259.0,254.0,334.0,677.0,148.0,111.0,raytrace
1596,154.0,238.0,208.0,208.0,188.0,272.0,283.0,207.0,189.0,262.0,221.0,300.0,682.0,150.0,119.0,raytrace
1674,175.0,280.0,209.0,295.0,245.0,313.0,300.0,237.0,222.0,301.0,242.0,313.0,736.0,176.0,154.0,raytrace
1710,162.0,275.0,207.0,279.0,227.0,268.0,297.0,241.0,188.0,264.0,243.0,364.0,667.0,162.0,124.0,raytrace
1702,156.0,307.0,220.0,292.0,230.0,280.0,286.0,213.0,209.0,276.0,252.0,316.0,687.0,143.0,140.0,raytrace
1685,171.0,294.0,221.0,271.0,224.0,287.0,294.0,233.0,199.0,269.0,248.0,339.0,662.0,145.0,129.0,raytrace
11643,8048.0,7920.0,8198.0,8094.0,7844.0,7892.0,7967.0,7878.0,7792.0,7672.0,7930.0,8028.0,8116.0,8327.0,7925.0,raytrace
4316,674.0,702.0,723.0,702.0,544.0,643.0,682.0,739.0,531.0,633.0,667.0,774.0,624.0,743.0,606.0,raytrace
4287,710.0,653.0,718.0,631.0,509.0,647.0,642.0,740.0,522.0,576.0,647.0,680.0,673.0,749.0,566.0,raytrace
4374,733.0,652.0,727.0,680.0,547.0,634.0,726.0,722.0,505.0,589.0,666.0,723.0,630.0,725.0,525.0,raytrace
4427,717.0,663.0,742.0,642.0,565.0,687.0,722.0,685.0,523.0,610.0,674.0,805.0,606.0,732.0,569.0,raytrace
4382,694.0,666.0,714.0,648.0,568.0,692.0,686.0,715.0,562.0,606.0,640.0,729.0,633.0,752.0,522.0,raytrace
4251,740.0,680.0,715.0,670.0,515.0,687.0,732.0,697.0,552.0,601.0,627.0,741.0,637.0,798.0,556.0,raytrace
4368,726.0,668.0,686.0,680.0,560.0,728.0,740.0,718.0,570.0,642.0,648.0,706.0,714.0,794.0,547.0,raytrace
4237,675.0,678.0,680.0,607.0,582.0,681.0,680.0,686.0,556.0,602.0,675.0,695.0,678.0,810.0,535.0,raytrace
4280,703.0,688.0,712.0,602.0,579.0,655.0,643.0,725.0,513.0,640.0,669.0,734.0,811.0,812.0,590.0,raytrace
4220,721.0,704.0,688.0,658.0,587.0,725.0,653.0,709.0,495.0,612.0,597.0,761.0,616.0,762.0,563.0,raytrace
4257,618.0,676.0,768.0,691.0,571.0,664.0,723.0,663.0,550.0,630.0,637.0,728.0,664.0,724.0,507.0,raytrace
4299,701.0,706.0,784.0,767.0,596.0,724.0,809.0,648.0,582.0,595.0,710.0,749.0,665.0,780.0,581.0,raytrace
4413,699.0,727.0,817.0,741.0,606.0,723.0,741.0,714.0,652.0,588.0,726.0,768.0,764.0,738.0,550.0,raytrace
4539,734.0,712.0,779.0,718.0,566.0,714.0,723.0,703.0,517.0,642.0,652.0,739.0,724.0,674.0,541.0,raytrace
4414,716.0,688.0,774.0,709.0,570.0,689.0,758.0,704.0,534.0,632.0,704.0,754.0,640.0,716.0,610.0,raytrace
12257,8618.0,8360.0,8522.0,8299.0,8407.0,8124.0,8247.0,7885.0,7955.0,8191.0,8276.0,8154.0,8142.0,8454.0,8618.0,raytrace
4534,706.0,703.0,698.0,677.0,791.0,665.0,751.0,541.0,607.0,690.0,707.0,675.0,509.0,813.0,821.0,raytrace
4442,743.0,656.0,759.0,671.0,733.0,622.0,720.0,463.0,571.0,614.0,655.0,654.0,526.0,774.0,807.0,raytrace
4508,763.0,676.0,756.0,634.0,765.0,567.0,688.0,489.0,588.0,659.0,680.0,654.0,506.0,769.0,740.0,raytrace
4420,755.0,660.0,704.0,685.0,779.0,639.0,678.0,470.0,582.0,622.0,690.0,657.0,511.0,735.0,787.0,raytrace
4427,731.0,711.0,719.0,635.0,758.0,595.0,684.0,488.0,561.0,666.0,754.0,654.0,565.0,777.0,691.0,raytrace
4374,828.0,779.0,751.0,662.0,753.0,631.0,680.0,447.0,536.0,617.0,733.0,689.0,493.0,766.0,765.0,raytrace
4364,788.0,743.0,705.0,644.0,688.0,657.0,742.0,453.0,615.0,623.0,715.0,706.0,552.0,834.0,769.0,raytrace
4322,786.0,701.0,679.0,646.0,742.0,609.0,660.0,460.0,584.0,589.0,729.0,599.0,544.0,690.0,761.0,raytrace
4262,743.0,745.0,754.0,649.0,739.0,643.0,671.0,530.0,614.0,588.0,732.0,622.0,568.0,694.0,740.0,raytrace
4396,756.0,750.0,748.0,659.0,688.0,670.0,718.0,486.0,605.0,599.0,727.0,613.0,560.0,825.0,745.0,raytrace
4430,750.0,634.0,743.0,622.0,756.0,602.0,706.0,489.0,616.0,681.0,731.0,671.0,542.0,796.0,700.0,raytrace
4376,711.0,684.0,746.0,714.0,782.0,592.0,739.0,504.0,636.0,640.0,711.0,729.0,598.0,743.0,717.0,raytrace
4445,726.0,705.0,727.0,668.0,777.0,595.0,730.0,506.0,641.0,629.0,713.0,702.0,535.0,724.0,703.0,raytrace
4439,720.0,647.0,738.0,704.0,742.0,600.0,715.0,479.0,560.0,640.0,688.0,653.0,507.0,766.0,755.0,raytrace
4546,719.0,709.0,802.0,753.0,747.0,622.0,718.0,503.0,601.0,678.0,751.0,696.0,546.0,720.0,787.0,raytrace
11783,8168.0,7976.0,8270.0,8148.0,8121.0,7957.0,8034.0,7944.0,7985.0,8064.0,8214.0,8032.0,8162.0,8151.0,8245.0,raytrace
4382,712.0,654.0,668.0,620.0,639.0,619.0,670.0,672.0,622.0,680.0,689.0,678.0,682.0,602.0,797.0,raytrace
4277,661.0,653.0,613.0,583.0,663.0,580.0,625.0,685.0,608.0,664.0,674.0,670.0,747.0,600.0,806.0,raytrace
4438,697.0,676.0,687.0,578.0,664.0,626.0,729.0,665.0,606.0,634.0,692.0,675.0,707.0,609.0,765.0,raytrace
4402,693.0,696.0,661.0,584.0,707.0,635.0,687.0,733.0,580.0,683.0,622.0,736.0,743.0,593.0,778.0,raytrace
4348,693.0,694.0,660.0,590.0,658.0,644.0,690.0,742.0,580.0,710.0,621.0,704.0,771.0,591.0,774.0,raytrace
4347,677.0,686.0,690.0,622.0,689.0,628.0,643.0,701.0,581.0,740.0,699.0,744.0,786.0,552.0,782.0,raytrace
4322,663.0,673.0,788.0,592.0,709.0,587.0,691.0,695.0,622.0,715.0,731.0,735.0,769.0,614.0,777.0,raytrace
4208,720.0,623.0,640.0,629.0,680.0,596.0,718.0,693.0,573.0,677.0,746.0,650.0,761.0,578.0,836.0,raytrace
4367,716.0,661.0,729.0,616.0,685.0,668.0,660.0,714.0,606.0,692.0,733.0,636.0,756.0,535.0,762.0,raytrace
4382,667.0,642.0,731.0,641.0,702.0,620.0,647.0,665.0,655.0,690.0,676.0,672.0,736.0,580.0,747.0,raytrace
4375,687.0,677.0,764.0,668.0,640.0,657.0,681.0,801.0,650.0,651.0,673.0,756.0,769.0,635.0,688.0,raytrace
4400,680.0,721.0,729.0,802.0,755.0,650.0,656.0,743.0,668.0,693.0,692.0,718.0,747.0,636.0,751.0,raytrace
4338,693.0,684.0,665.0,632.0,743.0,622.0,670.0,724.0,597.0,685.0,694.0,739.0,797.0,558.0,723.0,raytrace
4422,658.0,686.0,673.0,603.0,704.0,579.0,619.0,705.0,632.0,682.0,702.0,709.0,828.0,552.0,735.0,raytrace
4431,714.0,684.0,731.0,689.0,717.0,599.0,692.0,724.0,620.0,690.0,731.0,738.0,769.0,582.0,741.0,raytrace
7802,4901.0,5080.0,5076.0,5226.0,5173.0,4751.0,5352.0,5333.0,4973.0,5216.0,4812.0,5501.0,5180.0,5104.0,5462.0,raytrace
2982,151.0,559.0,359.0,609.0,511.0,240.0,681.0,632.0,368.0,636.0,1046.0,637.0,351.0,296.0,699.0,raytrace
2836,142.0,527.0,341.0,530.0,522.0,213.0,603.0,583.0,355.0,638.0,174.0,587.0,304.0,221.0,703.0,raytrace
3011,158.0,597.0,346.0,529.0,528.0,214.0,699.0,621.0,337.0,571.0,154.0,575.0,293.0,233.0,683.0,raytrace
2980,165.0,600.0,365.0,555.0,588.0,247.0,679.0,612.0,355.0,634.0,170.0,689.0,340.0,249.0,685.0,raytrace
2887,158.0,547.0,365.0,526.0,523.0,200.0,629.0,653.0,319.0,640.0,170.0,569.0,328.0,268.0,677.0,raytrace
2859,138.0,594.0,312.0,541.0,500.0,208.0,666.0,668.0,298.0,675.0,139.0,588.0,293.0,231.0,582.0,raytrace
2968,145.0,624.0,341.0,583.0,505.0,197.0,663.0,693.0,281.0,633.0,165.0,582.0,311.0,259.0,687.0,raytrace
2928,150.0,606.0,367.0,579.0,534.0,218.0,708.0,703.0,313.0,641.0,171.0,602.0,311.0,279.0,690.0,raytrace
2922,144.0,582.0,340.0,589.0,498.0,195.0,613.0,688.0,286.0,648.0,148.0,645.0,306.0,263.0,666.0,raytrace
2949,131.0,613.0,330.0,563.0,500.0,189.0,641.0,619.0,308.0,651.0,141.0,577.0,312.0,254.0,657.0,raytrace
2929,947.0,582.0,348.0,558.0,562.0,215.0,665.0,658.0,290.0,670.0,130.0,608.0,341.0,232.0,700.0,raytrace
3061,180.0,520.0,375.0,763.0,565.0,229.0,698.0,746.0,347.0,637.0,201.0,601.0,350.0,245.0,740.0,raytrace
3030,151.0,554.0,332.0,564.0,559.0,215.0,635.0,691.0,329.0,655.0,154.0,672.0,380.0,278.0,696.0,raytrace
3013,158.0,620.0,349.0,577.0,549.0,189.0,649.0,680.0,332.0,664.0,154.0,648.0,340.0,201.0,663.0,raytrace
3029,179.0,616.0,411.0,623.0,511.0,226.0,688.0,712.0,378.0,620.0,180.0,684.0,324.0,249.0,666.0,raytrace
1667,818.0,715.0,746.0,724.0,760.0,718.0,762.0,719.0,714.0,737.0,1486.0,752.0,1504.0,799.0,776.0,raytrace
788,9.0,5.0,5.0,7.0,7.0,5.0,15.0,5.0,4.0,4.0,719.0,7.0,603.0,9.0,6.0,raytrace
711,4.0,3.0,5.0,1.0,4.0,2.0,13.0,2.0,2.0,0.0,687.0,2.0,586.0,3.0,4.0,raytrace
680,6.0,4.0,5.0,4.0,7.0,3.0,17.0,4.0,4.0,4.0,711.0,4.0,554.0,7.0,9.0,raytrace
717,4.0,3.0,4.0,5.0,5.0,1.0,27.0,5.0,4.0,4.0,664.0,4.0,608.0,6.0,5.0,raytrace
755,5.0,6.0,7.0,5.0,5.0,4.0,11.0,3.0,3.0,5.0,764.0,1.0,589.0,5.0,5.0,raytrace
732,4.0,2.0,4.0,6.0,3.0,2.0,9.0,2.0,0.0,1.0,728.0,5.0,638.0,5.0,6.0,raytrace
745,6.0,1.0,3.0,6.0,4.0,2.0,6.0,5.0,3.0,2.0,737.0,5.0,644.0,13.0,7.0,raytrace
676,5.0,3.0,4.0,5.0,5.0,3.0,7.0,3.0,2.0,2.0,670.0,4.0,596.0,5.0,4.0,raytrace
692,4.0,3.0,4.0,3.0,4.0,3.0,5.0,0.0,1.0,2.0,685.0,3.0,571.0,3.0,4.0,raytrace
729,4.0,2.0,3.0,7.0,4.0,1.0,8.0,1.0,1.0,0.0,707.0,5.0,611.0,11.0,9.0,raytrace
707,6.0,2.0,2.0,3.0,4.0,1.0,3.0,5.0,4.0,3.0,720.0,6.0,623.0,3.0,6.0,raytrace
694,7.0,4.0,3.0,8.0,6.0,2.0,25.0,4.0,3.0,3.0,728.0,9.0,620.0,15.0,13.0,raytrace
737,3.0,4.0,2.0,3.0,4.0,3.0,6.0,3.0,4.0,3.0,737.0,5.0,629.0,6.0,7.0,raytrace
743,4.0,4.0,4.0,3.0,8.0,3.0,40.0,3.0,4.0,3.0,727.0,8.0,634.0,6.0,7.0,raytrace
730,7.0,5.0,7.0,8.0,5.0,2.0,31.0,6.0,3.0,4.0,727.0,13.0,663.0,21.0,20.0,raytrace
2312,1446.0,1517.0,1410.0,1426.0,2071.0,1313.0,2068.0,2021.0,1334.0,1459.0,1411.0,1342.0,1360.0,1437.0,1408.0,raytrace
808,29.0,109.0,30.0,77.0,613.0,25.0,607.0,716.0,31.0,105.0,31.0,28.0,30.0,46.0,38.0,raytrace
780,29.0,93.0,16.0,77.0,580.0,13.0,590.0,677.0,14.0,96.0,14.0,19.0,19.0,20.0,18.0,raytrace
790,26.0,85.0,24.0,65.0,614.0,13.0,600.0,670.0,18.0,85.0,16.0,21.0,22.0,27.0,19.0,raytrace
786,47.0,91.0,28.0,77.0,622.0,25.0,634.0,668.0,22.0,103.0,19.0,25.0,21.0,29.0,23.0,raytrace
776,24.0,102.0,20.0,66.0,602.0,19.0,647.0,676.0,16.0,94.0,13.0,17.0,21.0,19.0,18.0,raytrace
729,20.0,92.0,12.0,49.0,561.0,10.0,693.0,696.0,10.0,105.0,13.0,9.0,15.0,19.0,9.0,raytrace
783,20.0,90.0,14.0,61.0,584.0,17.0,728.0,716.0,15.0,101.0,12.0,12.0,17.0,19.0,10.0,raytrace
761,25.0,107.0,31.0,64.0,648.0,21.0,671.0,668.0,22.0,107.0,21.0,24.0,20.0,25.0,22.0,raytrace
759,25.0,107.0,30.0,75.0,585.0,21.0,651.0,671.0,26.0,93.0,23.0,22.0,26.0,25.0,18.0,raytrace
746,22.0,118.0,17.0,54.0,608.0,10.0,619.0,688.0,14.0,88.0,13.0,17.0,19.0,23.0,15.0,raytrace
785,16.0,112.0,10.0,42.0,605.0,14.0,732.0,743.0,8.0,88.0,9.0,8.0,8.0,17.0,9.0,raytrace
746,40.0,94.0,18.0,70.0,638.0,19.0,706.0,682.0,17.0,102.0,21.0,22.0,18.0,21.0,19.0,raytrace
758,23.0,100.0,22.0,78.0,609.0,18.0,673.0,652.0,18.0,89.0,17.0,20.0,20.0,23.0,18.0,raytrace
796,63.0,103.0,24.0,72.0,653.0,19.0,597.0,674.0,20.0,84.0,13.0,21.0,19.0,25.0,18.0,raytrace
805,54.0,123.0,27.0,75.0,637.0,20.0,659.0,677.0,18.0,124.0,23.0,23.0,23.0,34.0,21.0,raytrace
1436,916.0,852.0,910.0,942.0,876.0,803.0,1517.0,1399.0,851.0,771.0,855.0,896.0,908.0,939.0,848.0,raytrace
473,10.0,9.0,10.0,34.0,22.0,8.0,676.0,584.0,9.0,13.0,11.0,10.0,8.0,18.0,10.0,raytrace
436,5.0,4.0,6.0,19.0,17.0,3.0,700.0,512.0,5.0,4.0,12.0,5.0,8.0,9.0,7.0,raytrace
461,9.0,8.0,6.0,24.0,22.0,6.0,745.0,472.0,10.0,9.0,10.0,13.0,7.0,11.0,9.0,raytrace
460,9.0,9.0,9.0,35.0,22.0,6.0,699.0,517.0,9.0,6.0,11.0,10.0,10.0,22.0,16.0,raytrace
438,11.0,7.0,11.0,25.0,15.0,6.0,708.0,520.0,6.0,6.0,15.0,13.0,8.0,14.0,7.0,raytrace
406,7.0,3.0,10.0,20.0,15.0,2.0,692.0,546.0,4.0,4.0,6.0,5.0,5.0,10.0,5.0,raytrace
437,7.0,6.0,8.0,20.0,13.0,7.0,684.0,600.0,12.0,9.0,9.0,17.0,9.0,14.0,11.0,raytrace
425,10.0,4.0,7.0,16.0,17.0,7.0,720.0,546.0,9.0,10.0,13.0,12.0,9.0,11.0,10.0,raytrace
434,10.0,5.0,10.0,23.0,25.0,3.0,671.0,576.0,6.0,9.0,11.0,8.0,8.0,13.0,8.0,raytrace
393,10.0,3.0,5.0,16.0,19.0,2.0,672.0,537.0,3.0,3.0,8.0,7.0,9.0,7.0,5.0,raytrace
435,8.0,6.0,3.0,20.0,9.0,2.0,720.0,575.0,5.0,8.0,8.0,9.0,6.0,9.0,6.0,raytrace
455,7.0,6.0,9.0,39.0,18.0,5.0,704.0,593.0,7.0,4.0,10.0,7.0,6.0,10.0,6.0,raytrace
459,11.0,4.0,8.0,20.0,19.0,3.0,695.0,574.0,5.0,4.0,10.0,9.0,5.0,8.0,12.0,raytrace
482,11.0,10.0,13.0,62.0,21.0,8.0,654.0,606.0,11.0,11.0,13.0,11.0,11.0,14.0,10.0,raytrace
432,10.0,6.0,6.0,45.0,22.0,4.0,678.0,486.0,7.0,6.0,10.0,6.0,8.0,9.0,7.0,raytrace
1486,711.0,620.0,637.0,748.0,649.0,594.0,1087.0,625.0,640.0,558.0,947.0,892.0,653.0,653.0,701.0,raytrace
510,11.0,11.0,9.0,22.0,8.0,8.0,478.0,19.0,7.0,6.0,132.0,146.0,10.0,17.0,12.0,raytrace
449,8.0,8.0,6.0,27.0,2.0,3.0,430.0,19.0,3.0,6.0,145.0,156.0,7.0,9.0,8.0,raytrace
488,11.0,6.0,6.0,19.0,6.0,8.0,435.0,16.0,3.0,6.0,139.0,167.0,12.0,9.0,10.0,raytrace
555,7.0,8.0,5.0,19.0,8.0,6.0,487.0,20.0,4.0,4.0,171.0,174.0,6.0,19.0,8.0,raytrace
484,8.0,4.0,7.0,13.0,4.0,6.0,476.0,17.0,5.0,4.0,138.0,146.0,8.0,8.0,9.0,raytrace
429,8.0,7.0,3.0,15.0,4.0,5.0,468.0,15.0,4.0,5.0,121.0,147.0,5.0,5.0,9.0,raytrace
463,7.0,5.0,4.0,13.0,5.0,6.0,434.0,10.0,3.0,5.0,124.0,170.0,9.0,9.0,6.0,raytrace
492,4.0,2.0,4.0,18.0,3.0,4.0,445.0,14.0,2.0,2.0,125.0,124.0,5.0,6.0,6.0,raytrace
496,9.0,7.0,4.0,12.0,7.0,8.0,444.0,17.0,7.0,5.0,129.0,136.0,10.0,6.0,10.0,raytrace
481,8.0,4.0,3.0,10.0,3.0,2.0,439.0,14.0,2.0,2.0,141.0,130.0,4.0,6.0,7.0,raytrace
727,20.0,17.0,17.0,29.0,19.0,14.0,459.0,19.0,14.0,14.0,157.0,139.0,13.0,23.0,17.0,raytrace
549,15.0,9.0,6.0,16.0,7.0,13.0,481.0,17.0,8.0,10.0,212.0,150.0,9.0,9.0,10.0,raytrace
468,11.0,7.0,8.0,17.0,9.0,9.0,478.0,13.0,8.0,6.0,102.0,140.0,10.0,11.0,9.0,raytrace
478,13.0,11.0,9.0,15.0,8.0,12.0,428.0,19.0,8.0,7.0,165.0,106.0,8.0,10.0,12.0,raytrace
558,11.0,7.0,8.0,15.0,7.0,6.0,437.0,20.0,6.0,8.0,181.0,139.0,10.0,12.0,13.0,raytrace
1734,879.0,827.0,894.0,851.0,829.0,742.0,776.0,812.0,834.0,801.0,1534.0,837.0,1633.0,904.0,893.0,raytrace
867,7.0,6.0,15.0,6.0,8.0,5.0,4.0,7.0,7.0,5.0,655.0,7.0,698.0,7.0,11.0,raytrace
784,6.0,3.0,9.0,7.0,5.0,2.0,1.0,2.0,4.0,1.0,685.0,3.0,751.0,6.0,8.0,raytrace
823,3.0,3.0,12.0,10.0,5.0,4.0,1.0,5.0,7.0,5.0,661.0,7.0,665.0,23.0,15.0,raytrace
807,6.0,0.0,31.0,8.0,5.0,3.0,5.0,5.0,5.0,2.0,678.0,4.0,721.0,11.0,7.0,raytrace
818,6.0,5.0,11.0,6.0,6.0,2.0,3.0,4.0,3.0,1.0,626.0,6.0,747.0,11.0,7.0,raytrace
760,3.0,1.0,13.0,6.0,4.0,3.0,3.0,3.0,5.0,3.0,627.0,1.0,678.0,8.0,6.0,raytrace
813,7.0,4.0,23.0,11.0,6.0,2.0,4.0,5.0,3.0,1.0,652.0,6.0,736.0,28.0,13.0,raytrace
826,5.0,3.0,11.0,4.0,4.0,1.0,6.0,5.0,4.0,2.0,603.0,3.0,793.0,8.0,6.0,raytrace
893,4.0,3.0,9.0,6.0,5.0,0.0,6.0,4.0,3.0,2.0,590.0,4.0,728.0,9.0,3.0,raytrace
870,5.0,3.0,9.0,6.0,4.0,1.0,1.0,1.0,2.0,2.0,661.0,3.0,736.0,11.0,6.0,raytrace
916,2.0,2.0,13.0,3.0,1.0,3.0,3.0,4.0,3.0,3.0,709.0,3.0,694.0,8.0,2.0,raytrace
868,10.0,6.0,39.0,10.0,5.0,4.0,5.0,6.0,6.0,5.0,674.0,4.0,687.0,16.0,7.0,raytrace
867,4.0,3.0,9.0,7.0,5.0,4.0,4.0,5.0,4.0,5.0,633.0,9.0,664.0,7.0,4.0,raytrace
878,8.0,4.0,48.0,8.0,4.0,4.0,5.0,8.0,6.0,7.0,671.0,7.0,709.0,5.0,10.0,raytrace
843,6.0,5.0,31.0,14.0,7.0,3.0,5.0,5.0,4.0,5.0,666.0,4.0,714.0,15.0,6.0,raytrace
1894,875.0,771.0,876.0,813.0,836.0,775.0,767.0,814.0,758.0,757.0,1517.0,781.0,1548.0,841.0,859.0,raytrace
781,5.0,8.0,8.0,7.0,8.0,5.0,7.0,5.0,8.0,4.0,690.0,7.0,625.0,10.0,7.0,raytrace
740,4.0,3.0,6.0,1.0,4.0,1.0,3.0,4.0,3.0,2.0,649.0,5.0,618.0,4.0,4.0,raytrace
792,10.0,5.0,6.0,14.0,7.0,6.0,8.0,5.0,6.0,3.0,647.0,9.0,646.0,17.0,7.0,raytrace
765,6.0,9.0,5.0,5.0,6.0,6.0,7.0,4.0,5.0,5.0,642.0,8.0,650.0,5.0,8.0,raytrace
806,7.0,5.0,8.0,4.0,3.0,5.0,5.0,4.0,5.0,5.0,651.0,3.0,649.0,7.0,4.0,raytrace
729,5.0,6.0,3.0,3.0,3.0,3.0,6.0,2.0,1.0,3.0,661.0,5.0,627.0,5.0,4.0,raytrace
695,3.0,3.0,3.0,9.0,5.0,3.0,4.0,3.0,2.0,3.0,640.0,3.0,672.0,8.0,4.0,raytrace
715,7.0,6.0,5.0,5.0,6.0,5.0,4.0,3.0,4.0,2.0,624.0,5.0,628.0,7.0,6.0,raytrace
707,6.0,5.0,7.0,2.0,6.0,5.0,4.0,8.0,2.0,2.0,682.0,4.0,605.0,4.0,4.0,raytrace
730,3.0,0.0,6.0,6.0,2.0,3.0,2.0,3.0,0.0,0.0,633.0,3.0,621.0,3.0,3.0,raytrace
746,9.0,6.0,9.0,8.0,4.0,9.0,5.0,4.0,7.0,7.0,684.0,8.0,635.0,5.0,10.0,raytrace
737,8.0,10.0,10.0,9.0,9.0,7.0,9.0,5.0,11.0,9.0,692.0,4.0,601.0,10.0,7.0,raytrace
778,7.0,10.0,6.0,8.0,6.0,7.0,6.0,7.0,8.0,6.0,728.0,10.0,610.0,11.0,9.0,raytrace
722,6.0,6.0,13.0,8.0,10.0,6.0,6.0,4.0,5.0,4.0,673.0,7.0,616.0,8.0,7.0,raytrace
803,8.0,4.0,8.0,8.0,5.0,6.0,3.0,5.0,6.0,4.0,749.0,5.0,670.0,8.0,7.0,raytrace
2425,1214.0,1084.0,1184.0,1173.0,1210.0,1094.0,1164.0,1140.0,1126.0,1066.0,1896.0,1157.0,1907.0,1241.0,1200.0,raytrace
1130,9.0,12.0,17.0,7.0,10.0,7.0,8.0,11.0,6.0,7.0,648.0,7.0,678.0,8.0,8.0,raytrace
983,7.0,6.0,9.0,7.0,8.0,5.0,5.0,6.0,5.0,1.0,614.0,5.0,676.0,12.0,6.0,raytrace
1081,11.0,9.0,11.0,8.0,8.0,4.0,3.0,7.0,3.0,3.0,628.0,5.0,700.0,11.0,7.0,raytrace
1070,11.0,10.0,15.0,10.0,9.0,5.0,4.0,14.0,5.0,5.0,662.0,6.0,715.0,10.0,7.0,raytrace
1125,9.0,8.0,11.0,8.0,10.0,6.0,8.0,8.0,6.0,2.0,688.0,8.0,668.0,11.0,13.0,raytrace
1046,8.0,5.0,10.0,7.0,9.0,3.0,9.0,7.0,5.0,2.0,704.0,4.0,645.0,10.0,7.0,raytrace
1131,9.0,7.0,14.0,7.0,10.0,5.0,6.0,7.0,4.0,2.0,725.0,4.0,687.0,9.0,8.0,raytrace
1095,8.0,6.0,13.0,5.0,9.0,5.0,6.0,6.0,4.0,3.0,708.0,6.0,650.0,10.0,7.0,raytrace
1081,8.0,6.0,11.0,7.0,9.0,3.0,4.0,4.0,7.0,5.0,724.0,7.0,626.0,10.0,7.0,raytrace
1045,6.0,6.0,9.0,5.0,8.0,3.0,5.0,4.0,3.0,1.0,620.0,5.0,674.0,8.0,5.0,raytrace
1169,12.0,15.0,13.0,9.0,13.0,13.0,16.0,9.0,7.0,8.0,696.0,13.0,715.0,14.0,8.0,raytrace
1109,21.0,25.0,16.0,15.0,20.0,19.0,17.0,14.0,21.0,11.0,698.0,18.0,717.0,19.0,19.0,raytrace
1098,11.0,11.0,9.0,8.0,12.0,7.0,10.0,6.0,5.0,8.0,717.0,14.0,677.0,14.0,9.0,raytrace
1150,10.0,9.0,12.0,10.0,12.0,9.0,15.0,8.0,8.0,7.0,695.0,11.0,715.0,15.0,10.0,raytrace
1142,9.0,10.0,12.0,8.0,11.0,8.0,14.0,13.0,10.0,5.0,744.0,8.0,699.0,9.0,10.0,raytrace
2957,1413.0,1343.0,1374.0,1388.0,1373.0,1406.0,1440.0,1385.0,1360.0,1318.0,2060.0,1403.0,2226.0,1560.0,1472.0,raytrace
1337,10.0,10.0,7.0,10.0,10.0,15.0,8.0,11.0,12.0,11.0,659.0,10.0,646.0,16.0,20.0,raytrace
1304,7.0,7.0,11.0,7.0,8.0,14.0,7.0,10.0,7.0,8.0,700.0,8.0,653.0,13.0,18.0,raytrace
1265,8.0,10.0,9.0,8.0,11.0,27.0,11.0,14.0,10.0,12.0,690.0,14.0,657.0,17.0,15.0,raytrace
1298,13.0,9.0,9.0,11.0,11.0,43.0,8.0,10.0,10.0,8.0,621.0,11.0,739.0,14.0,17.0,raytrace
1255,9.0,9.0,7.0,11.0,9.0,18.0,7.0,9.0,10.0,11.0,672.0,12.0,719.0,16.0,15.0,raytrace
1323,7.0,5.0,5.0,9.0,5.0,10.0,8.0,8.0,9.0,6.0,731.0,16.0,751.0,21.0,19.0,raytrace
1320,7.0,5.0,5.0,10.0,7.0,16.0,6.0,7.0,9.0,7.0,772.0,11.0,761.0,15.0,14.0,raytrace
1276,10.0,9.0,6.0,9.0,8.0,13.0,6.0,9.0,10.0,8.0,719.0,9.0,694.0,15.0,14.0,raytrace
1230,10.0,8.0,7.0,6.0,5.0,10.0,5.0,10.0,9.0,6.0,700.0,9.0,718.0,12.0,12.0,raytrace
1238,5.0,4.0,7.0,5.0,4.0,12.0,4.0,6.0,7.0,6.0,682.0,9.0,739.0,10.0,11.0,raytrace
1267,14.0,22.0,20.0,14.0,20.0,21.0,15.0,25.0,16.0,12.0,798.0,20.0,729.0,21.0,18.0,raytrace
1310,23.0,25.0,21.0,21.0,17.0,45.0,26.0,16.0,21.0,29.0,750.0,18.0,729.0,26.0,23.0,raytrace
1420,18.0,16.0,16.0,9.0,14.0,19.0,12.0,14.0,12.0,11.0,741.0,19.0,767.0,15.0,18.0,raytrace
1492,8.0,12.0,11.0,11.0,8.0,65.0,11.0,16.0,11.0,13.0,686.0,13.0,712.0,17.0,16.0,raytrace
1474,10.0,8.0,7.0,9.0,9.0,38.0,11.0,10.0,10.0,9.0,728.0,15.0,715.0,17.0,14.0,raytrace
3258,1581.0,1449.0,1465.0,1492.0,1482.0,1366.0,1412.0,1468.0,1544.0,1439.0,2191.0,1496.0,2344.0,1571.0,1598.0,raytrace
1539,17.0,13.0,16.0,13.0,19.0,13.0,15.0,15.0,19.0,11.0,758.0,10.0,680.0,16.0,18.0,raytrace
1440,13.0,9.0,11.0,9.0,15.0,9.0,12.0,10.0,17.0,8.0,711.0,9.0,658.0,11.0,14.0,raytrace
1442,15.0,9.0,12.0,10.0,12.0,11.0,9.0,12.0,20.0,11.0,690.0,5.0,594.0,11.0,16.0,raytrace
1434,17.0,10.0,12.0,16.0,15.0,10.0,17.0,15.0,40.0,13.0,690.0,8.0,669.0,16.0,17.0,raytrace
1357,16.0,12.0,15.0,13.0,18.0,13.0,18.0,14.0,22.0,12.0,679.0,8.0,683.0,12.0,18.0,raytrace
1307,14.0,11.0,15.0,14.0,14.0,11.0,12.0,11.0,25.0,14.0,695.0,4.0,708.0,19.0,16.0,raytrace
1372,13.0,11.0,14.0,11.0,15.0,14.0,14.0,10.0,16.0,18.0,709.0,9.0,712.0,11.0,16.0,raytrace
1424,13.0,10.0,14.0,15.0,18.0,13.0,14.0,13.0,18.0,15.0,731.0,9.0,709.0,13.0,16.0,raytrace
1462,15.0,10.0,10.0,11.0,14.0,8.0,16.0,13.0,14.0,15.0,748.0,10.0,666.0,14.0,20.0,raytrace
1439,14.0,8.0,12.0,9.0,15.0,7.0,16.0,11.0,18.0,9.0,688.0,9.0,636.0,12.0,16.0,raytrace
1419,26.0,22.0,30.0,14.0,22.0,19.0,26.0,32.0,18.0,30.0,681.0,20.0,745.0,28.0,26.0,raytrace
1470,30.0,34.0,35.0,32.0,29.0,29.0,33.0,30.0,53.0,27.0,764.0,26.0,790.0,26.0,40.0,raytrace
1433,19.0,14.0,18.0,12.0,17.0,17.0,16.0,15.0,15.0,21.0,753.0,12.0,734.0,23.0,19.0,raytrace
1548,17.0,14.0,18.0,15.0,19.0,15.0,19.0,16.0,64.0,20.0,697.0,13.0,726.0,17.0,19.0,raytrace
1659,18.0,11.0,17.0,12.0,17.0,11.0,14.0,14.0,40.0,17.0,799.0,9.0,759.0,13.0,17.0,raytrace
3037,1415.0,1332.0,1460.0,1437.0,1463.0,1403.0,1365.0,1413.0,1414.0,1445.0,2123.0,1405.0,1997.0,1537.0,1432.0,raytrace
1362,12.0,9.0,12.0,12.0,12.0,14.0,13.0,8.0,11.0,12.0,683.0,10.0,566.0,20.0,9.0,raytrace
1302,16.0,6.0,13.0,10.0,16.0,15.0,11.0,9.0,13.0,10.0,648.0,13.0,525.0,24.0,9.0,raytrace
1366,15.0,10.0,13.0,13.0,20.0,16.0,16.0,11.0,14.0,13.0,696.0,14.0,565.0,29.0,12.0,raytrace
1347,9.0,8.0,15.0,10.0,12.0,11.0,14.0,9.0,13.0,11.0,745.0,14.0,567.0,45.0,8.0,raytrace
1359,16.0,8.0,14.0,13.0,19.0,13.0,14.0,14.0,11.0,14.0,690.0,14.0,585.0,25.0,10.0,raytrace
1398,11.0,7.0,12.0,11.0,13.0,11.0,11.0,5.0,7.0,9.0,706.0,10.0,536.0,21.0,7.0,raytrace
1330,12.0,7.0,13.0,10.0,14.0,13.0,13.0,8.0,10.0,10.0,733.0,11.0,561.0,23.0,8.0,raytrace
1414,14.0,8.0,14.0,14.0,12.0,14.0,13.0,9.0,11.0,12.0,649.0,14.0,568.0,23.0,11.0,raytrace
1374,9.0,9.0,15.0,15.0,10.0,16.0,10.0,6.0,8.0,12.0,643.0,13.0,580.0,43.0,10.0,raytrace
1464,7.0,6.0,11.0,8.0,9.0,16.0,8.0,8.0,8.0,10.0,683.0,8.0,581.0,27.0,9.0,raytrace
1449,21.0,16.0,19.0,27.0,12.0,23.0,15.0,17.0,23.0,23.0,699.0,20.0,534.0,35.0,18.0,raytrace
1423,27.0,22.0,26.0,26.0,20.0,28.0,21.0,31.0,23.0,29.0,749.0,25.0,590.0,46.0,28.0,raytrace
1375,17.0,15.0,15.0,18.0,13.0,16.0,14.0,14.0,13.0,18.0,640.0,21.0,531.0,31.0,14.0,raytrace
1416,14.0,12.0,16.0,16.0,15.0,18.0,13.0,11.0,15.0,14.0,681.0,17.0,543.0,55.0,18.0,raytrace
1454,14.0,12.0,13.0,15.0,15.0,13.0,9.0,7.0,12.0,14.0,704.0,15.0,553.0,35.0,14.0,raytrace
